09.19. 00.03.17 [restartedMain] [INFO] c.e.BlogApplicationBackEndApplication - Starting BlogApplicationBackEndApplication using Java 25.0.4.1 on DESKTOP-ADUUNFN with PID 12220 (D:\Source-Codes\Blog_Application_SourceCode\BlogApplication\Blog_Application_back-end\target\classes started by DELL in D:\Source-Codes\Blog_Application_SourceCode\BlogApplication\Blog_Application_back-end)
09.19. 00.03.17 [restartedMain] [INFO] c.e.BlogApplicationBackEndApplication - No active profile set, falling back to 1 default profile: "default"
09.19. 00.03.17 [restartedMain] [WARN] o.s.b.w.s.c.AnnotationConfigServletWebServerApplicationContext - Exception encountered during context initialization - cancelling refresh attempt: org.springframework.beans.factory.BeanDefinitionStoreException: Failed to read candidate component class: file [D:\Source-Codes\Blog_Application_SourceCode\BlogApplication\Blog_Application_back-end\target\classes\com\example\BlogApplicationBackEndApplication.class]; nested exception is org.springframework.core.NestedIOException: ASM ClassReader failed to parse class file - probably due to a new Java class file version that isn't supported yet: file [D:\Source-Codes\Blog_Application_SourceCode\BlogApplication\Blog_Application_back-end\target\classes\com\example\BlogApplicationBackEndApplication.class]; nested exception is java.lang.IllegalArgumentException: Unsupported class file major version 69
09.19. 00.03.17 [restartedMain] [ERROR] o.s.boot.SpringApplication - Application run failed
org.springframework.beans.factory.BeanDefinitionStoreException: Failed to read candidate component class: file [D:\Source-Codes\Blog_Application_SourceCode\BlogApplication\Blog_Application_back-end\target\classes\com\example\BlogApplicationBackEndApplication.class]; nested exception is org.springframework.core.NestedIOException: ASM ClassReader failed to parse class file - probably due to a new Java class file version that isn't supported yet: file [D:\Source-Codes\Blog_Application_SourceCode\BlogApplication\Blog_Application_back-end\target\classes\com\example\BlogApplicationBackEndApplication.class]; nested exception is java.lang.IllegalArgumentException: Unsupported class file major version 69
	at org.springframework.context.annotation.ClassPathScanningCandidateComponentProvider.scanCandidateComponents(ClassPathScanningCandidateComponentProvider.java:457)
	at org.springframework.context.annotation.ClassPathScanningCandidateComponentProvider.findCandidateComponents(ClassPathScanningCandidateComponentProvider.java:316)
	at org.springframework.context.annotation.ClassPathBeanDefinitionScanner.doScan(ClassPathBeanDefinitionScanner.java:276)
	at org.springframework.context.annotation.ComponentScanAnnotationParser.parse(ComponentScanAnnotationParser.java:128)
	at org.springframework.context.annotation.ConfigurationClassParser.doProcessConfigurationClass(ConfigurationClassParser.java:295)
	at org.springframework.context.annotation.ConfigurationClassParser.processConfigurationClass(ConfigurationClassParser.java:249)
	at org.springframework.context.annotation.ConfigurationClassParser.parse(ConfigurationClassParser.java:206)
	at org.springframework.context.annotation.ConfigurationClassParser.parse(ConfigurationClassParser.java:174)
	at org.springframework.context.annotation.ConfigurationClassPostProcessor.processConfigBeanDefinitions(ConfigurationClassPostProcessor.java:331)
	at org.springframework.context.annotation.ConfigurationClassPostProcessor.postProcessBeanDefinitionRegistry(ConfigurationClassPostProcessor.java:247)
	at org.springframework.context.support.PostProcessorRegistrationDelegate.invokeBeanDefinitionRegistryPostProcessors(PostProcessorRegistrationDelegate.java:311)
	at org.springframework.context.support.PostProcessorRegistrationDelegate.invokeBeanFactoryPostProcessors(PostProcessorRegistrationDelegate.java:112)
	at org.springframework.context.support.AbstractApplicationContext.invokeBeanFactoryPostProcessors(AbstractApplicationContext.java:746)
	at org.springframework.context.support.AbstractApplicationContext.refresh(AbstractApplicationContext.java:564)
	at org.springframework.boot.web.servlet.context.ServletWebServerApplicationContext.refresh(ServletWebServerApplicationContext.java:147)
	at org.springframework.boot.SpringApplication.refresh(SpringApplication.java:731)
	at org.springframework.boot.SpringApplication.refreshContext(SpringApplication.java:408)
	at org.springframework.boot.SpringApplication.run(SpringApplication.java:307)
	at org.springframework.boot.SpringApplication.run(SpringApplication.java:1303)
	at org.springframework.boot.SpringApplication.run(SpringApplication.java:1292)
	at com.example.BlogApplicationBackEndApplication.main(BlogApplicationBackEndApplication.java:16)
	at java.base/jdk.internal.reflect.DirectMethodHandleAccessor.invoke(DirectMethodHandleAccessor.java:104)
	at java.base/java.lang.reflect.Method.invoke(Method.java:565)
	at org.springframework.boot.devtools.restart.RestartLauncher.run(RestartLauncher.java:49)
Caused by: org.springframework.core.NestedIOException: ASM ClassReader failed to parse class file - probably due to a new Java class file version that isn't supported yet: file [D:\Source-Codes\Blog_Application_SourceCode\BlogApplication\Blog_Application_back-end\target\classes\com\example\BlogApplicationBackEndApplication.class]; nested exception is java.lang.IllegalArgumentException: Unsupported class file major version 69
	at org.springframework.core.type.classreading.SimpleMetadataReader.getClassReader(SimpleMetadataReader.java:60)
	at org.springframework.core.type.classreading.SimpleMetadataReader.<init>(SimpleMetadataReader.java:48)
	at org.springframework.core.type.classreading.SimpleMetadataReaderFactory.getMetadataReader(SimpleMetadataReaderFactory.java:103)
	at org.springframework.core.type.classreading.CachingMetadataReaderFactory.getMetadataReader(CachingMetadataReaderFactory.java:123)
	at org.springframework.context.annotation.ClassPathScanningCandidateComponentProvider.scanCandidateComponents(ClassPathScanningCandidateComponentProvider.java:429)
	... 23 common frames omitted
Caused by: java.lang.IllegalArgumentException: Unsupported class file major version 69
	at org.springframework.asm.ClassReader.<init>(ClassReader.java:199)
	at org.springframework.asm.ClassReader.<init>(ClassReader.java:180)
	at org.springframework.asm.ClassReader.<init>(ClassReader.java:166)
	at org.springframework.asm.ClassReader.<init>(ClassReader.java:287)
	at org.springframework.core.type.classreading.SimpleMetadataReader.getClassReader(SimpleMetadataReader.java:57)
	... 27 common frames omitted
09.19. 02.38.32 [restartedMain] [INFO] c.e.BlogApplicationBackEndApplication - Starting BlogApplicationBackEndApplication using Java 25.0.4.1 on DESKTOP-ADUUNFN with PID 12220 (D:\Source-Codes\Blog_Application_SourceCode\BlogApplication\Blog_Application_back-end\target\classes started by DELL in D:\Source-Codes\Blog_Application_SourceCode\BlogApplication\Blog_Application_back-end)
09.19. 02.38.32 [restartedMain] [INFO] c.e.BlogApplicationBackEndApplication - No active profile set, falling back to 1 default profile: "default"
09.19. 02.38.32 [restartedMain] [WARN] o.s.b.w.s.c.AnnotationConfigServletWebServerApplicationContext - Exception encountered during context initialization - cancelling refresh attempt: org.springframework.beans.factory.BeanDefinitionStoreException: Failed to read candidate component class: file [D:\Source-Codes\Blog_Application_SourceCode\BlogApplication\Blog_Application_back-end\target\classes\com\example\BlogApplicationBackEndApplication.class]; nested exception is org.springframework.core.NestedIOException: ASM ClassReader failed to parse class file - probably due to a new Java class file version that isn't supported yet: file [D:\Source-Codes\Blog_Application_SourceCode\BlogApplication\Blog_Application_back-end\target\classes\com\example\BlogApplicationBackEndApplication.class]; nested exception is java.lang.IllegalArgumentException: Unsupported class file major version 69
09.19. 02.38.32 [restartedMain] [ERROR] o.s.boot.SpringApplication - Application run failed
org.springframework.beans.factory.BeanDefinitionStoreException: Failed to read candidate component class: file [D:\Source-Codes\Blog_Application_SourceCode\BlogApplication\Blog_Application_back-end\target\classes\com\example\BlogApplicationBackEndApplication.class]; nested exception is org.springframework.core.NestedIOException: ASM ClassReader failed to parse class file - probably due to a new Java class file version that isn't supported yet: file [D:\Source-Codes\Blog_Application_SourceCode\BlogApplication\Blog_Application_back-end\target\classes\com\example\BlogApplicationBackEndApplication.class]; nested exception is java.lang.IllegalArgumentException: Unsupported class file major version 69
	at org.springframework.context.annotation.ClassPathScanningCandidateComponentProvider.scanCandidateComponents(ClassPathScanningCandidateComponentProvider.java:457)
	at org.springframework.context.annotation.ClassPathScanningCandidateComponentProvider.findCandidateComponents(ClassPathScanningCandidateComponentProvider.java:316)
	at org.springframework.context.annotation.ClassPathBeanDefinitionScanner.doScan(ClassPathBeanDefinitionScanner.java:276)
	at org.springframework.context.annotation.ComponentScanAnnotationParser.parse(ComponentScanAnnotationParser.java:128)
	at org.springframework.context.annotation.ConfigurationClassParser.doProcessConfigurationClass(ConfigurationClassParser.java:295)
	at org.springframework.context.annotation.ConfigurationClassParser.processConfigurationClass(ConfigurationClassParser.java:249)
	at org.springframework.context.annotation.ConfigurationClassParser.parse(ConfigurationClassParser.java:206)
	at org.springframework.context.annotation.ConfigurationClassParser.parse(ConfigurationClassParser.java:174)
	at org.springframework.context.annotation.ConfigurationClassPostProcessor.processConfigBeanDefinitions(ConfigurationClassPostProcessor.java:331)
	at org.springframework.context.annotation.ConfigurationClassPostProcessor.postProcessBeanDefinitionRegistry(ConfigurationClassPostProcessor.java:247)
	at org.springframework.context.support.PostProcessorRegistrationDelegate.invokeBeanDefinitionRegistryPostProcessors(PostProcessorRegistrationDelegate.java:311)
	at org.springframework.context.support.PostProcessorRegistrationDelegate.invokeBeanFactoryPostProcessors(PostProcessorRegistrationDelegate.java:112)
	at org.springframework.context.support.AbstractApplicationContext.invokeBeanFactoryPostProcessors(AbstractApplicationContext.java:746)
	at org.springframework.context.support.AbstractApplicationContext.refresh(AbstractApplicationContext.java:564)
	at org.springframework.boot.web.servlet.context.ServletWebServerApplicationContext.refresh(ServletWebServerApplicationContext.java:147)
	at org.springframework.boot.SpringApplication.refresh(SpringApplication.java:731)
	at org.springframework.boot.SpringApplication.refreshContext(SpringApplication.java:408)
	at org.springframework.boot.SpringApplication.run(SpringApplication.java:307)
	at org.springframework.boot.SpringApplication.run(SpringApplication.java:1303)
	at org.springframework.boot.SpringApplication.run(SpringApplication.java:1292)
	at com.example.BlogApplicationBackEndApplication.main(BlogApplicationBackEndApplication.java:16)
	at java.base/jdk.internal.reflect.DirectMethodHandleAccessor.invoke(DirectMethodHandleAccessor.java:104)
	at java.base/java.lang.reflect.Method.invoke(Method.java:565)
	at org.springframework.boot.devtools.restart.RestartLauncher.run(RestartLauncher.java:49)
Caused by: org.springframework.core.NestedIOException: ASM ClassReader failed to parse class file - probably due to a new Java class file version that isn't supported yet: file [D:\Source-Codes\Blog_Application_SourceCode\BlogApplication\Blog_Application_back-end\target\classes\com\example\BlogApplicationBackEndApplication.class]; nested exception is java.lang.IllegalArgumentException: Unsupported class file major version 69
	at org.springframework.core.type.classreading.SimpleMetadataReader.getClassReader(SimpleMetadataReader.java:60)
	at org.springframework.core.type.classreading.SimpleMetadataReader.<init>(SimpleMetadataReader.java:48)
	at org.springframework.core.type.classreading.SimpleMetadataReaderFactory.getMetadataReader(SimpleMetadataReaderFactory.java:103)
	at org.springframework.core.type.classreading.CachingMetadataReaderFactory.getMetadataReader(CachingMetadataReaderFactory.java:123)
	at org.springframework.context.annotation.ClassPathScanningCandidateComponentProvider.scanCandidateComponents(ClassPathScanningCandidateComponentProvider.java:429)
	... 23 common frames omitted
Caused by: java.lang.IllegalArgumentException: Unsupported class file major version 69
	at org.springframework.asm.ClassReader.<init>(ClassReader.java:199)
	at org.springframework.asm.ClassReader.<init>(ClassReader.java:180)
	at org.springframework.asm.ClassReader.<init>(ClassReader.java:166)
	at org.springframework.asm.ClassReader.<init>(ClassReader.java:287)
	at org.springframework.core.type.classreading.SimpleMetadataReader.getClassReader(SimpleMetadataReader.java:57)
	... 27 common frames omitted
09.19. 02.58.23 [restartedMain] [INFO] c.e.BlogApplicationBackEndApplication - Starting BlogApplicationBackEndApplication using Java 25.0.4.1 on DESKTOP-ADUUNFN with PID 12220 (D:\Source-Codes\Blog_Application_SourceCode\BlogApplication\Blog_Application_back-end\target\classes started by DELL in D:\Source-Codes\Blog_Application_SourceCode\BlogApplication\Blog_Application_back-end)
09.19. 02.58.23 [restartedMain] [INFO] c.e.BlogApplicationBackEndApplication - No active profile set, falling back to 1 default profile: "default"
09.19. 02.58.23 [restartedMain] [WARN] o.s.b.w.s.c.AnnotationConfigServletWebServerApplicationContext - Exception encountered during context initialization - cancelling refresh attempt: org.springframework.beans.factory.BeanDefinitionStoreException: Failed to read candidate component class: file [D:\Source-Codes\Blog_Application_SourceCode\BlogApplication\Blog_Application_back-end\target\classes\com\example\BlogApplicationBackEndApplication.class]; nested exception is org.springframework.core.NestedIOException: ASM ClassReader failed to parse class file - probably due to a new Java class file version that isn't supported yet: file [D:\Source-Codes\Blog_Application_SourceCode\BlogApplication\Blog_Application_back-end\target\classes\com\example\BlogApplicationBackEndApplication.class]; nested exception is java.lang.IllegalArgumentException: Unsupported class file major version 69
09.19. 02.58.23 [restartedMain] [ERROR] o.s.boot.SpringApplication - Application run failed
org.springframework.beans.factory.BeanDefinitionStoreException: Failed to read candidate component class: file [D:\Source-Codes\Blog_Application_SourceCode\BlogApplication\Blog_Application_back-end\target\classes\com\example\BlogApplicationBackEndApplication.class]; nested exception is org.springframework.core.NestedIOException: ASM ClassReader failed to parse class file - probably due to a new Java class file version that isn't supported yet: file [D:\Source-Codes\Blog_Application_SourceCode\BlogApplication\Blog_Application_back-end\target\classes\com\example\BlogApplicationBackEndApplication.class]; nested exception is java.lang.IllegalArgumentException: Unsupported class file major version 69
	at org.springframework.context.annotation.ClassPathScanningCandidateComponentProvider.scanCandidateComponents(ClassPathScanningCandidateComponentProvider.java:457)
	at org.springframework.context.annotation.ClassPathScanningCandidateComponentProvider.findCandidateComponents(ClassPathScanningCandidateComponentProvider.java:316)
	at org.springframework.context.annotation.ClassPathBeanDefinitionScanner.doScan(ClassPathBeanDefinitionScanner.java:276)
	at org.springframework.context.annotation.ComponentScanAnnotationParser.parse(ComponentScanAnnotationParser.java:128)
	at org.springframework.context.annotation.ConfigurationClassParser.doProcessConfigurationClass(ConfigurationClassParser.java:295)
	at org.springframework.context.annotation.ConfigurationClassParser.processConfigurationClass(ConfigurationClassParser.java:249)
	at org.springframework.context.annotation.ConfigurationClassParser.parse(ConfigurationClassParser.java:206)
	at org.springframework.context.annotation.ConfigurationClassParser.parse(ConfigurationClassParser.java:174)
	at org.springframework.context.annotation.ConfigurationClassPostProcessor.processConfigBeanDefinitions(ConfigurationClassPostProcessor.java:331)
	at org.springframework.context.annotation.ConfigurationClassPostProcessor.postProcessBeanDefinitionRegistry(ConfigurationClassPostProcessor.java:247)
	at org.springframework.context.support.PostProcessorRegistrationDelegate.invokeBeanDefinitionRegistryPostProcessors(PostProcessorRegistrationDelegate.java:311)
	at org.springframework.context.support.PostProcessorRegistrationDelegate.invokeBeanFactoryPostProcessors(PostProcessorRegistrationDelegate.java:112)
	at org.springframework.context.support.AbstractApplicationContext.invokeBeanFactoryPostProcessors(AbstractApplicationContext.java:746)
	at org.springframework.context.support.AbstractApplicationContext.refresh(AbstractApplicationContext.java:564)
	at org.springframework.boot.web.servlet.context.ServletWebServerApplicationContext.refresh(ServletWebServerApplicationContext.java:147)
	at org.springframework.boot.SpringApplication.refresh(SpringApplication.java:731)
	at org.springframework.boot.SpringApplication.refreshContext(SpringApplication.java:408)
	at org.springframework.boot.SpringApplication.run(SpringApplication.java:307)
	at org.springframework.boot.SpringApplication.run(SpringApplication.java:1303)
	at org.springframework.boot.SpringApplication.run(SpringApplication.java:1292)
	at com.example.BlogApplicationBackEndApplication.main(BlogApplicationBackEndApplication.java:16)
	at java.base/jdk.internal.reflect.DirectMethodHandleAccessor.invoke(DirectMethodHandleAccessor.java:104)
	at java.base/java.lang.reflect.Method.invoke(Method.java:565)
	at org.springframework.boot.devtools.restart.RestartLauncher.run(RestartLauncher.java:49)
Caused by: org.springframework.core.NestedIOException: ASM ClassReader failed to parse class file - probably due to a new Java class file version that isn't supported yet: file [D:\Source-Codes\Blog_Application_SourceCode\BlogApplication\Blog_Application_back-end\target\classes\com\example\BlogApplicationBackEndApplication.class]; nested exception is java.lang.IllegalArgumentException: Unsupported class file major version 69
	at org.springframework.core.type.classreading.SimpleMetadataReader.getClassReader(SimpleMetadataReader.java:60)
	at org.springframework.core.type.classreading.SimpleMetadataReader.<init>(SimpleMetadataReader.java:48)
	at org.springframework.core.type.classreading.SimpleMetadataReaderFactory.getMetadataReader(SimpleMetadataReaderFactory.java:103)
	at org.springframework.core.type.classreading.CachingMetadataReaderFactory.getMetadataReader(CachingMetadataReaderFactory.java:123)
	at org.springframework.context.annotation.ClassPathScanningCandidateComponentProvider.scanCandidateComponents(ClassPathScanningCandidateComponentProvider.java:429)
	... 23 common frames omitted
Caused by: java.lang.IllegalArgumentException: Unsupported class file major version 69
	at org.springframework.asm.ClassReader.<init>(ClassReader.java:199)
	at org.springframework.asm.ClassReader.<init>(ClassReader.java:180)
	at org.springframework.asm.ClassReader.<init>(ClassReader.java:166)
	at org.springframework.asm.ClassReader.<init>(ClassReader.java:287)
	at org.springframework.core.type.classreading.SimpleMetadataReader.getClassReader(SimpleMetadataReader.java:57)
	... 27 common frames omitted
09.19. 02.58.26 [background-preinit] [INFO] o.h.validator.internal.util.Version - HV000001: Hibernate Validator 8.0.3.Final
09.19. 02.58.26 [restartedMain] [INFO] c.e.BlogApplicationBackEndApplication - Starting BlogApplicationBackEndApplication using Java 25.0.4.1 with PID 6116 (D:\Source-Codes\Blog_Application_SourceCode\BlogApplication\Blog_Application_back-end\target\classes started by DELL in D:\Source-Codes\Blog_Application_SourceCode\BlogApplication\Blog_Application_back-end)
09.19. 02.58.26 [restartedMain] [INFO] c.e.BlogApplicationBackEndApplication - No active profile set, falling back to 1 default profile: "default"
09.19. 02.58.26 [restartedMain] [INFO] o.s.b.d.e.DevToolsPropertyDefaultsPostProcessor - Devtools property defaults active! Set 'spring.devtools.add-properties' to 'false' to disable
09.19. 02.58.26 [restartedMain] [INFO] o.s.b.d.e.DevToolsPropertyDefaultsPostProcessor - For additional web related logging consider setting the 'logging.level.web' property to 'DEBUG'
09.19. 02.58.27 [restartedMain] [INFO] o.s.d.r.c.RepositoryConfigurationDelegate - Bootstrapping Spring Data JPA repositories in DEFAULT mode.
09.19. 02.58.27 [restartedMain] [INFO] o.s.d.r.c.RepositoryConfigurationDelegate - Finished Spring Data repository scanning in 70 ms. Found 4 JPA repository interfaces.
09.19. 02.58.28 [restartedMain] [INFO] o.s.b.w.e.tomcat.TomcatWebServer - Tomcat initialized with port 8080 (http)
09.19. 02.58.28 [restartedMain] [INFO] o.a.coyote.http11.Http11NioProtocol - Initializing ProtocolHandler ["http-nio-8080"]
09.19. 02.58.28 [restartedMain] [INFO] o.a.catalina.core.StandardService - Starting service [Tomcat]
09.19. 02.58.28 [restartedMain] [INFO] o.a.catalina.core.StandardEngine - Starting Servlet engine: [Apache Tomcat/10.1.46]
09.19. 02.58.28 [restartedMain] [INFO] o.a.c.c.C.[Tomcat].[localhost].[/] - Initializing Spring embedded WebApplicationContext
09.19. 02.58.28 [restartedMain] [INFO] o.s.b.w.s.c.ServletWebServerApplicationContext - Root WebApplicationContext: initialization completed in 1363 ms
09.19. 02.58.28 [restartedMain] [INFO] o.h.jpa.internal.util.LogHelper - HHH000204: Processing PersistenceUnitInfo [name: default]
09.19. 02.58.28 [restartedMain] [INFO] org.hibernate.Version - HHH000412: Hibernate ORM core version 6.6.29.Final
09.19. 02.58.28 [restartedMain] [INFO] o.h.c.i.RegionFactoryInitiator - HHH000026: Second-level cache disabled
09.19. 02.58.28 [restartedMain] [INFO] o.s.o.j.p.SpringPersistenceUnitInfo - No LoadTimeWeaver setup: ignoring JPA class transformer
09.19. 02.58.28 [restartedMain] [INFO] com.zaxxer.hikari.HikariDataSource - HikariPool-1 - Starting...
09.19. 02.58.29 [restartedMain] [WARN] o.h.e.jdbc.spi.SqlExceptionHelper - SQL Error: 1045, SQLState: 28000
09.19. 02.58.29 [restartedMain] [ERROR] o.h.e.jdbc.spi.SqlExceptionHelper - Access denied for user 'root'@'localhost' (using password: YES)
09.19. 02.58.30 [restartedMain] [WARN] o.h.e.j.e.i.JdbcEnvironmentInitiator - HHH000342: Could not obtain connection to query metadata
org.hibernate.exception.GenericJDBCException: unable to obtain isolated JDBC connection [Access denied for user 'root'@'localhost' (using password: YES)] [n/a]
	at org.hibernate.exception.internal.StandardSQLExceptionConverter.convert(StandardSQLExceptionConverter.java:63)
	at org.hibernate.engine.jdbc.spi.SqlExceptionHelper.convert(SqlExceptionHelper.java:108)
	at org.hibernate.engine.jdbc.spi.SqlExceptionHelper.convert(SqlExceptionHelper.java:94)
	at org.hibernate.resource.transaction.backend.jdbc.internal.JdbcIsolationDelegate.delegateWork(JdbcIsolationDelegate.java:116)
	at org.hibernate.engine.jdbc.env.internal.JdbcEnvironmentInitiator.getJdbcEnvironmentUsingJdbcMetadata(JdbcEnvironmentInitiator.java:334)
	at org.hibernate.engine.jdbc.env.internal.JdbcEnvironmentInitiator.initiateService(JdbcEnvironmentInitiator.java:129)
	at org.hibernate.engine.jdbc.env.internal.JdbcEnvironmentInitiator.initiateService(JdbcEnvironmentInitiator.java:81)
	at org.hibernate.boot.registry.internal.StandardServiceRegistryImpl.initiateService(StandardServiceRegistryImpl.java:130)
	at org.hibernate.service.internal.AbstractServiceRegistryImpl.createService(AbstractServiceRegistryImpl.java:263)
	at org.hibernate.service.internal.AbstractServiceRegistryImpl.initializeService(AbstractServiceRegistryImpl.java:238)
	at org.hibernate.service.internal.AbstractServiceRegistryImpl.getService(AbstractServiceRegistryImpl.java:215)
	at org.hibernate.boot.model.relational.Database.<init>(Database.java:45)
	at org.hibernate.boot.internal.InFlightMetadataCollectorImpl.getDatabase(InFlightMetadataCollectorImpl.java:226)
	at org.hibernate.boot.internal.InFlightMetadataCollectorImpl.<init>(InFlightMetadataCollectorImpl.java:194)
	at org.hibernate.boot.model.process.spi.MetadataBuildingProcess.complete(MetadataBuildingProcess.java:171)
	at org.hibernate.jpa.boot.internal.EntityManagerFactoryBuilderImpl.metadata(EntityManagerFactoryBuilderImpl.java:1442)
	at org.hibernate.jpa.boot.internal.EntityManagerFactoryBuilderImpl.build(EntityManagerFactoryBuilderImpl.java:1513)
	at org.springframework.orm.jpa.vendor.SpringHibernateJpaPersistenceProvider.createContainerEntityManagerFactory(SpringHibernateJpaPersistenceProvider.java:66)
	at org.springframework.orm.jpa.LocalContainerEntityManagerFactoryBean.createNativeEntityManagerFactory(LocalContainerEntityManagerFactoryBean.java:390)
	at org.springframework.orm.jpa.AbstractEntityManagerFactoryBean.buildNativeEntityManagerFactory(AbstractEntityManagerFactoryBean.java:419)
	at org.springframework.orm.jpa.AbstractEntityManagerFactoryBean.afterPropertiesSet(AbstractEntityManagerFactoryBean.java:400)
	at org.springframework.orm.jpa.LocalContainerEntityManagerFactoryBean.afterPropertiesSet(LocalContainerEntityManagerFactoryBean.java:366)
	at org.springframework.beans.factory.support.AbstractAutowireCapableBeanFactory.invokeInitMethods(AbstractAutowireCapableBeanFactory.java:1873)
	at org.springframework.beans.factory.support.AbstractAutowireCapableBeanFactory.initializeBean(AbstractAutowireCapableBeanFactory.java:1822)
	at org.springframework.beans.factory.support.AbstractAutowireCapableBeanFactory.doCreateBean(AbstractAutowireCapableBeanFactory.java:607)
	at org.springframework.beans.factory.support.AbstractAutowireCapableBeanFactory.createBean(AbstractAutowireCapableBeanFactory.java:529)
	at org.springframework.beans.factory.support.AbstractBeanFactory.lambda$doGetBean$0(AbstractBeanFactory.java:339)
	at org.springframework.beans.factory.support.DefaultSingletonBeanRegistry.getSingleton(DefaultSingletonBeanRegistry.java:373)
	at org.springframework.beans.factory.support.AbstractBeanFactory.doGetBean(AbstractBeanFactory.java:337)
	at org.springframework.beans.factory.support.AbstractBeanFactory.getBean(AbstractBeanFactory.java:202)
	at org.springframework.beans.factory.support.BeanDefinitionValueResolver.resolveReference(BeanDefinitionValueResolver.java:365)
	at org.springframework.beans.factory.support.BeanDefinitionValueResolver.resolveValueIfNecessary(BeanDefinitionValueResolver.java:135)
	at org.springframework.beans.factory.support.ConstructorResolver.resolveConstructorArguments(ConstructorResolver.java:691)
	at org.springframework.beans.factory.support.ConstructorResolver.instantiateUsingFactoryMethod(ConstructorResolver.java:513)
	at org.springframework.beans.factory.support.AbstractAutowireCapableBeanFactory.instantiateUsingFactoryMethod(AbstractAutowireCapableBeanFactory.java:1375)
	at org.springframework.beans.factory.support.AbstractAutowireCapableBeanFactory.createBeanInstance(AbstractAutowireCapableBeanFactory.java:1205)
	at org.springframework.beans.factory.support.AbstractAutowireCapableBeanFactory.doCreateBean(AbstractAutowireCapableBeanFactory.java:569)
	at org.springframework.beans.factory.support.AbstractAutowireCapableBeanFactory.createBean(AbstractAutowireCapableBeanFactory.java:529)
	at org.springframework.beans.factory.support.AbstractBeanFactory.lambda$doGetBean$0(AbstractBeanFactory.java:339)
	at org.springframework.beans.factory.support.DefaultSingletonBeanRegistry.getSingleton(DefaultSingletonBeanRegistry.java:373)
	at org.springframework.beans.factory.support.AbstractBeanFactory.doGetBean(AbstractBeanFactory.java:337)
	at org.springframework.beans.factory.support.AbstractBeanFactory.getBean(AbstractBeanFactory.java:202)
	at org.springframework.beans.factory.support.BeanDefinitionValueResolver.resolveReference(BeanDefinitionValueResolver.java:365)
	at org.springframework.beans.factory.support.BeanDefinitionValueResolver.resolveValueIfNecessary(BeanDefinitionValueResolver.java:135)
	at org.springframework.beans.factory.support.AbstractAutowireCapableBeanFactory.applyPropertyValues(AbstractAutowireCapableBeanFactory.java:1725)
	at org.springframework.beans.factory.support.AbstractAutowireCapableBeanFactory.populateBean(AbstractAutowireCapableBeanFactory.java:1474)
	at org.springframework.beans.factory.support.AbstractAutowireCapableBeanFactory.doCreateBean(AbstractAutowireCapableBeanFactory.java:606)
	at org.springframework.beans.factory.support.AbstractAutowireCapableBeanFactory.createBean(AbstractAutowireCapableBeanFactory.java:529)
	at org.springframework.beans.factory.support.AbstractBeanFactory.lambda$doGetBean$0(AbstractBeanFactory.java:339)
	at org.springframework.beans.factory.support.DefaultSingletonBeanRegistry.getSingleton(DefaultSingletonBeanRegistry.java:373)
	at org.springframework.beans.factory.support.AbstractBeanFactory.doGetBean(AbstractBeanFactory.java:337)
	at org.springframework.beans.factory.support.AbstractBeanFactory.getBean(AbstractBeanFactory.java:202)
	at org.springframework.beans.factory.support.DefaultListableBeanFactory.doResolveDependency(DefaultListableBeanFactory.java:1698)
	at org.springframework.beans.factory.support.DefaultListableBeanFactory.resolveDependency(DefaultListableBeanFactory.java:1643)
	at org.springframework.beans.factory.annotation.AutowiredAnnotationBeanPostProcessor$AutowiredFieldElement.resolveFieldValue(AutowiredAnnotationBeanPostProcessor.java:785)
	at org.springframework.beans.factory.annotation.AutowiredAnnotationBeanPostProcessor$AutowiredFieldElement.inject(AutowiredAnnotationBeanPostProcessor.java:768)
	at org.springframework.beans.factory.annotation.InjectionMetadata.inject(InjectionMetadata.java:146)
	at org.springframework.beans.factory.annotation.AutowiredAnnotationBeanPostProcessor.postProcessProperties(AutowiredAnnotationBeanPostProcessor.java:509)
	at org.springframework.beans.factory.support.AbstractAutowireCapableBeanFactory.populateBean(AbstractAutowireCapableBeanFactory.java:1459)
	at org.springframework.beans.factory.support.AbstractAutowireCapableBeanFactory.doCreateBean(AbstractAutowireCapableBeanFactory.java:606)
	at org.springframework.beans.factory.support.AbstractAutowireCapableBeanFactory.createBean(AbstractAutowireCapableBeanFactory.java:529)
	at org.springframework.beans.factory.support.AbstractBeanFactory.lambda$doGetBean$0(AbstractBeanFactory.java:339)
	at org.springframework.beans.factory.support.DefaultSingletonBeanRegistry.getSingleton(DefaultSingletonBeanRegistry.java:373)
	at org.springframework.beans.factory.support.AbstractBeanFactory.doGetBean(AbstractBeanFactory.java:337)
	at org.springframework.beans.factory.support.AbstractBeanFactory.getBean(AbstractBeanFactory.java:202)
	at org.springframework.beans.factory.config.DependencyDescriptor.resolveCandidate(DependencyDescriptor.java:254)
	at org.springframework.beans.factory.support.DefaultListableBeanFactory.doResolveDependency(DefaultListableBeanFactory.java:1760)
	at org.springframework.beans.factory.support.DefaultListableBeanFactory.resolveDependency(DefaultListableBeanFactory.java:1643)
	at org.springframework.beans.factory.annotation.AutowiredAnnotationBeanPostProcessor$AutowiredFieldElement.resolveFieldValue(AutowiredAnnotationBeanPostProcessor.java:785)
	at org.springframework.beans.factory.annotation.AutowiredAnnotationBeanPostProcessor$AutowiredFieldElement.inject(AutowiredAnnotationBeanPostProcessor.java:768)
	at org.springframework.beans.factory.annotation.InjectionMetadata.inject(InjectionMetadata.java:146)
	at org.springframework.beans.factory.annotation.AutowiredAnnotationBeanPostProcessor.postProcessProperties(AutowiredAnnotationBeanPostProcessor.java:509)
	at org.springframework.beans.factory.support.AbstractAutowireCapableBeanFactory.populateBean(AbstractAutowireCapableBeanFactory.java:1459)
	at org.springframework.beans.factory.support.AbstractAutowireCapableBeanFactory.doCreateBean(AbstractAutowireCapableBeanFactory.java:606)
	at org.springframework.beans.factory.support.AbstractAutowireCapableBeanFactory.createBean(AbstractAutowireCapableBeanFactory.java:529)
	at org.springframework.beans.factory.support.AbstractBeanFactory.lambda$doGetBean$0(AbstractBeanFactory.java:339)
	at org.springframework.beans.factory.support.DefaultSingletonBeanRegistry.getSingleton(DefaultSingletonBeanRegistry.java:373)
	at org.springframework.beans.factory.support.AbstractBeanFactory.doGetBean(AbstractBeanFactory.java:337)
	at org.springframework.beans.factory.support.AbstractBeanFactory.getBean(AbstractBeanFactory.java:207)
	at org.springframework.boot.web.servlet.ServletContextInitializerBeans.getOrderedBeansOfType(ServletContextInitializerBeans.java:230)
	at org.springframework.boot.web.servlet.ServletContextInitializerBeans.addAsRegistrationBean(ServletContextInitializerBeans.java:184)
	at org.springframework.boot.web.servlet.ServletContextInitializerBeans.addAsRegistrationBean(ServletContextInitializerBeans.java:179)
	at org.springframework.boot.web.servlet.ServletContextInitializerBeans.addAdaptableBeans(ServletContextInitializerBeans.java:164)
	at org.springframework.boot.web.servlet.ServletContextInitializerBeans.<init>(ServletContextInitializerBeans.java:96)
	at org.springframework.boot.web.servlet.context.ServletWebServerApplicationContext.getServletContextInitializerBeans(ServletWebServerApplicationContext.java:271)
	at org.springframework.boot.web.servlet.context.ServletWebServerApplicationContext.selfInitialize(ServletWebServerApplicationContext.java:245)
	at org.springframework.boot.web.embedded.tomcat.TomcatStarter.onStartup(TomcatStarter.java:52)
	at org.apache.catalina.core.StandardContext.startInternal(StandardContext.java:4464)
	at org.apache.catalina.util.LifecycleBase.start(LifecycleBase.java:164)
	at org.apache.catalina.core.ContainerBase$StartChild.call(ContainerBase.java:1203)
	at org.apache.catalina.core.ContainerBase$StartChild.call(ContainerBase.java:1193)
	at java.base/java.util.concurrent.FutureTask.run(FutureTask.java:328)
	at org.apache.tomcat.util.threads.InlineExecutorService.execute(InlineExecutorService.java:81)
	at java.base/java.util.concurrent.AbstractExecutorService.submit(AbstractExecutorService.java:149)
	at org.apache.catalina.core.ContainerBase.startInternal(ContainerBase.java:749)
	at org.apache.catalina.core.StandardHost.startInternal(StandardHost.java:773)
	at org.apache.catalina.util.LifecycleBase.start(LifecycleBase.java:164)
	at org.apache.catalina.core.ContainerBase$StartChild.call(ContainerBase.java:1203)
	at org.apache.catalina.core.ContainerBase$StartChild.call(ContainerBase.java:1193)
	at java.base/java.util.concurrent.FutureTask.run(FutureTask.java:328)
	at org.apache.tomcat.util.threads.InlineExecutorService.execute(InlineExecutorService.java:81)
	at java.base/java.util.concurrent.AbstractExecutorService.submit(AbstractExecutorService.java:149)
	at org.apache.catalina.core.ContainerBase.startInternal(ContainerBase.java:749)
	at org.apache.catalina.core.StandardEngine.startInternal(StandardEngine.java:203)
	at org.apache.catalina.util.LifecycleBase.start(LifecycleBase.java:164)
	at org.apache.catalina.core.StandardService.startInternal(StandardService.java:412)
	at org.apache.catalina.util.LifecycleBase.start(LifecycleBase.java:164)
	at org.apache.catalina.core.StandardServer.startInternal(StandardServer.java:870)
	at org.apache.catalina.util.LifecycleBase.start(LifecycleBase.java:164)
	at org.apache.catalina.startup.Tomcat.start(Tomcat.java:438)
	at org.springframework.boot.web.embedded.tomcat.TomcatWebServer.initialize(TomcatWebServer.java:128)
	at org.springframework.boot.web.embedded.tomcat.TomcatWebServer.<init>(TomcatWebServer.java:107)
	at org.springframework.boot.web.embedded.tomcat.TomcatServletWebServerFactory.getTomcatWebServer(TomcatServletWebServerFactory.java:517)
	at org.springframework.boot.web.embedded.tomcat.TomcatServletWebServerFactory.getWebServer(TomcatServletWebServerFactory.java:219)
	at org.springframework.boot.web.servlet.context.ServletWebServerApplicationContext.createWebServer(ServletWebServerApplicationContext.java:193)
	at org.springframework.boot.web.servlet.context.ServletWebServerApplicationContext.onRefresh(ServletWebServerApplicationContext.java:167)
	at org.springframework.context.support.AbstractApplicationContext.refresh(AbstractApplicationContext.java:621)
	at org.springframework.boot.web.servlet.context.ServletWebServerApplicationContext.refresh(ServletWebServerApplicationContext.java:146)
	at org.springframework.boot.SpringApplication.refresh(SpringApplication.java:752)
	at org.springframework.boot.SpringApplication.refreshContext(SpringApplication.java:439)
	at org.springframework.boot.SpringApplication.run(SpringApplication.java:318)
	at org.springframework.boot.SpringApplication.run(SpringApplication.java:1361)
	at org.springframework.boot.SpringApplication.run(SpringApplication.java:1350)
	at com.example.BlogApplicationBackEndApplication.main(BlogApplicationBackEndApplication.java:16)
	at java.base/jdk.internal.reflect.DirectMethodHandleAccessor.invoke(DirectMethodHandleAccessor.java:104)
	at java.base/java.lang.reflect.Method.invoke(Method.java:565)
	at org.springframework.boot.devtools.restart.RestartLauncher.run(RestartLauncher.java:50)
Caused by: java.sql.SQLException: Access denied for user 'root'@'localhost' (using password: YES)
	at com.mysql.cj.jdbc.exceptions.SQLError.createSQLException(SQLError.java:121)
	at com.mysql.cj.jdbc.exceptions.SQLExceptionsMapping.translateException(SQLExceptionsMapping.java:114)
	at com.mysql.cj.jdbc.ConnectionImpl.createNewIO(ConnectionImpl.java:839)
	at com.mysql.cj.jdbc.ConnectionImpl.<init>(ConnectionImpl.java:415)
	at com.mysql.cj.jdbc.ConnectionImpl.getInstance(ConnectionImpl.java:237)
	at com.mysql.cj.jdbc.NonRegisteringDriver.connect(NonRegisteringDriver.java:180)
	at com.zaxxer.hikari.util.DriverDataSource.getConnection(DriverDataSource.java:144)
	at com.zaxxer.hikari.pool.PoolBase.newConnection(PoolBase.java:370)
	at com.zaxxer.hikari.pool.PoolBase.newPoolEntry(PoolBase.java:207)
	at com.zaxxer.hikari.pool.HikariPool.createPoolEntry(HikariPool.java:488)
	at com.zaxxer.hikari.pool.HikariPool.checkFailFast(HikariPool.java:576)
	at com.zaxxer.hikari.pool.HikariPool.<init>(HikariPool.java:97)
	at com.zaxxer.hikari.HikariDataSource.getConnection(HikariDataSource.java:111)
	at org.hibernate.engine.jdbc.connections.internal.DatasourceConnectionProviderImpl.getConnection(DatasourceConnectionProviderImpl.java:126)
	at org.hibernate.engine.jdbc.env.internal.JdbcEnvironmentInitiator$ConnectionProviderJdbcConnectionAccess.obtainConnection(JdbcEnvironmentInitiator.java:485)
	at org.hibernate.resource.transaction.backend.jdbc.internal.JdbcIsolationDelegate.delegateWork(JdbcIsolationDelegate.java:61)
	... 123 common frames omitted
09.19. 02.58.30 [restartedMain] [WARN] org.hibernate.orm.deprecation - HHH90000025: MySQL8Dialect does not need to be specified explicitly using 'hibernate.dialect' (remove the property setting and it will be selected by default)
09.19. 02.58.30 [restartedMain] [WARN] org.hibernate.orm.deprecation - HHH90000026: MySQL8Dialect has been deprecated; use org.hibernate.dialect.MySQLDialect instead
09.19. 02.58.30 [restartedMain] [INFO] o.hibernate.orm.connections.pooling - HHH10001005: Database info:
	Database JDBC URL [Connecting through datasource 'HikariDataSource (null)']
	Database driver: undefined/unknown
	Database version: 8.0
	Autocommit mode: undefined/unknown
	Isolation level: undefined/unknown
	Minimum pool size: undefined/unknown
	Maximum pool size: undefined/unknown
09.19. 02.58.30 [restartedMain] [INFO] o.h.e.t.j.p.i.JtaPlatformInitiator - HHH000489: No JTA platform available (set 'hibernate.transaction.jta.platform' to enable JTA platform integration)
09.19. 02.58.30 [restartedMain] [INFO] com.zaxxer.hikari.HikariDataSource - HikariPool-1 - Starting...
09.19. 02.58.32 [restartedMain] [WARN] o.h.e.jdbc.spi.SqlExceptionHelper - SQL Error: 1045, SQLState: 28000
09.19. 02.58.32 [restartedMain] [ERROR] o.h.e.jdbc.spi.SqlExceptionHelper - Access denied for user 'root'@'localhost' (using password: YES)
09.19. 02.58.32 [restartedMain] [ERROR] o.s.o.j.LocalContainerEntityManagerFactoryBean - Failed to initialize JPA EntityManagerFactory: [PersistenceUnit: default] Unable to build Hibernate SessionFactory; nested exception is org.hibernate.exception.GenericJDBCException: Unable to open JDBC Connection for DDL execution [Access denied for user 'root'@'localhost' (using password: YES)] [n/a]
09.19. 02.58.32 [restartedMain] [ERROR] o.s.b.w.e.tomcat.TomcatStarter - Error starting Tomcat context. Exception: org.springframework.beans.factory.UnsatisfiedDependencyException. Message: Error creating bean with name 'jwtAuthenticationFilter': Unsatisfied dependency expressed through field 'userDetailsService': Error creating bean with name 'customUserDetailsService': Unsatisfied dependency expressed through field 'userRepository': Error creating bean with name 'userRepository' defined in com.example.repositories.UserRepository defined in @EnableJpaRepositories declared on JpaRepositoriesRegistrar.EnableJpaRepositoriesConfiguration: Cannot resolve reference to bean 'jpaSharedEM_entityManagerFactory' while setting bean property 'entityManager'
09.19. 02.58.32 [restartedMain] [INFO] o.a.catalina.core.StandardService - Stopping service [Tomcat]
09.19. 02.58.32 [restartedMain] [WARN] o.s.b.w.s.c.AnnotationConfigServletWebServerApplicationContext - Exception encountered during context initialization - cancelling refresh attempt: org.springframework.context.ApplicationContextException: Unable to start web server
09.19. 02.58.32 [restartedMain] [INFO] o.s.b.a.l.ConditionEvaluationReportLogger - 

Error starting ApplicationContext. To display the condition evaluation report re-run your application with 'debug' enabled.
09.19. 02.58.32 [restartedMain] [ERROR] o.s.boot.SpringApplication - Application run failed
org.springframework.context.ApplicationContextException: Unable to start web server
	at org.springframework.boot.web.servlet.context.ServletWebServerApplicationContext.onRefresh(ServletWebServerApplicationContext.java:170)
	at org.springframework.context.support.AbstractApplicationContext.refresh(AbstractApplicationContext.java:621)
	at org.springframework.boot.web.servlet.context.ServletWebServerApplicationContext.refresh(ServletWebServerApplicationContext.java:146)
	at org.springframework.boot.SpringApplication.refresh(SpringApplication.java:752)
	at org.springframework.boot.SpringApplication.refreshContext(SpringApplication.java:439)
	at org.springframework.boot.SpringApplication.run(SpringApplication.java:318)
	at org.springframework.boot.SpringApplication.run(SpringApplication.java:1361)
	at org.springframework.boot.SpringApplication.run(SpringApplication.java:1350)
	at com.example.BlogApplicationBackEndApplication.main(BlogApplicationBackEndApplication.java:16)
	at java.base/jdk.internal.reflect.DirectMethodHandleAccessor.invoke(DirectMethodHandleAccessor.java:104)
	at java.base/java.lang.reflect.Method.invoke(Method.java:565)
	at org.springframework.boot.devtools.restart.RestartLauncher.run(RestartLauncher.java:50)
Caused by: org.springframework.boot.web.server.WebServerException: Unable to start embedded Tomcat
	at org.springframework.boot.web.embedded.tomcat.TomcatWebServer.initialize(TomcatWebServer.java:147)
	at org.springframework.boot.web.embedded.tomcat.TomcatWebServer.<init>(TomcatWebServer.java:107)
	at org.springframework.boot.web.embedded.tomcat.TomcatServletWebServerFactory.getTomcatWebServer(TomcatServletWebServerFactory.java:517)
	at org.springframework.boot.web.embedded.tomcat.TomcatServletWebServerFactory.getWebServer(TomcatServletWebServerFactory.java:219)
	at org.springframework.boot.web.servlet.context.ServletWebServerApplicationContext.createWebServer(ServletWebServerApplicationContext.java:193)
	at org.springframework.boot.web.servlet.context.ServletWebServerApplicationContext.onRefresh(ServletWebServerApplicationContext.java:167)
	... 11 common frames omitted
Caused by: org.springframework.beans.factory.UnsatisfiedDependencyException: Error creating bean with name 'jwtAuthenticationFilter': Unsatisfied dependency expressed through field 'userDetailsService': Error creating bean with name 'customUserDetailsService': Unsatisfied dependency expressed through field 'userRepository': Error creating bean with name 'userRepository' defined in com.example.repositories.UserRepository defined in @EnableJpaRepositories declared on JpaRepositoriesRegistrar.EnableJpaRepositoriesConfiguration: Cannot resolve reference to bean 'jpaSharedEM_entityManagerFactory' while setting bean property 'entityManager'
	at org.springframework.beans.factory.annotation.AutowiredAnnotationBeanPostProcessor$AutowiredFieldElement.resolveFieldValue(AutowiredAnnotationBeanPostProcessor.java:788)
	at org.springframework.beans.factory.annotation.AutowiredAnnotationBeanPostProcessor$AutowiredFieldElement.inject(AutowiredAnnotationBeanPostProcessor.java:768)
	at org.springframework.beans.factory.annotation.InjectionMetadata.inject(InjectionMetadata.java:146)
	at org.springframework.beans.factory.annotation.AutowiredAnnotationBeanPostProcessor.postProcessProperties(AutowiredAnnotationBeanPostProcessor.java:509)
	at org.springframework.beans.factory.support.AbstractAutowireCapableBeanFactory.populateBean(AbstractAutowireCapableBeanFactory.java:1459)
	at org.springframework.beans.factory.support.AbstractAutowireCapableBeanFactory.doCreateBean(AbstractAutowireCapableBeanFactory.java:606)
	at org.springframework.beans.factory.support.AbstractAutowireCapableBeanFactory.createBean(AbstractAutowireCapableBeanFactory.java:529)
	at org.springframework.beans.factory.support.AbstractBeanFactory.lambda$doGetBean$0(AbstractBeanFactory.java:339)
	at org.springframework.beans.factory.support.DefaultSingletonBeanRegistry.getSingleton(DefaultSingletonBeanRegistry.java:373)
	at org.springframework.beans.factory.support.AbstractBeanFactory.doGetBean(AbstractBeanFactory.java:337)
	at org.springframework.beans.factory.support.AbstractBeanFactory.getBean(AbstractBeanFactory.java:207)
	at org.springframework.boot.web.servlet.ServletContextInitializerBeans.getOrderedBeansOfType(ServletContextInitializerBeans.java:230)
	at org.springframework.boot.web.servlet.ServletContextInitializerBeans.addAsRegistrationBean(ServletContextInitializerBeans.java:184)
	at org.springframework.boot.web.servlet.ServletContextInitializerBeans.addAsRegistrationBean(ServletContextInitializerBeans.java:179)
	at org.springframework.boot.web.servlet.ServletContextInitializerBeans.addAdaptableBeans(ServletContextInitializerBeans.java:164)
	at org.springframework.boot.web.servlet.ServletContextInitializerBeans.<init>(ServletContextInitializerBeans.java:96)
	at org.springframework.boot.web.servlet.context.ServletWebServerApplicationContext.getServletContextInitializerBeans(ServletWebServerApplicationContext.java:271)
	at org.springframework.boot.web.servlet.context.ServletWebServerApplicationContext.selfInitialize(ServletWebServerApplicationContext.java:245)
	at org.springframework.boot.web.embedded.tomcat.TomcatStarter.onStartup(TomcatStarter.java:52)
	at org.apache.catalina.core.StandardContext.startInternal(StandardContext.java:4464)
	at org.apache.catalina.util.LifecycleBase.start(LifecycleBase.java:164)
	at org.apache.catalina.core.ContainerBase$StartChild.call(ContainerBase.java:1203)
	at org.apache.catalina.core.ContainerBase$StartChild.call(ContainerBase.java:1193)
	at java.base/java.util.concurrent.FutureTask.run(FutureTask.java:328)
	at org.apache.tomcat.util.threads.InlineExecutorService.execute(InlineExecutorService.java:81)
	at java.base/java.util.concurrent.AbstractExecutorService.submit(AbstractExecutorService.java:149)
	at org.apache.catalina.core.ContainerBase.startInternal(ContainerBase.java:749)
	at org.apache.catalina.core.StandardHost.startInternal(StandardHost.java:773)
	at org.apache.catalina.util.LifecycleBase.start(LifecycleBase.java:164)
	at org.apache.catalina.core.ContainerBase$StartChild.call(ContainerBase.java:1203)
	at org.apache.catalina.core.ContainerBase$StartChild.call(ContainerBase.java:1193)
	at java.base/java.util.concurrent.FutureTask.run(FutureTask.java:328)
	at org.apache.tomcat.util.threads.InlineExecutorService.execute(InlineExecutorService.java:81)
	at java.base/java.util.concurrent.AbstractExecutorService.submit(AbstractExecutorService.java:149)
	at org.apache.catalina.core.ContainerBase.startInternal(ContainerBase.java:749)
	at org.apache.catalina.core.StandardEngine.startInternal(StandardEngine.java:203)
	at org.apache.catalina.util.LifecycleBase.start(LifecycleBase.java:164)
	at org.apache.catalina.core.StandardService.startInternal(StandardService.java:412)
	at org.apache.catalina.util.LifecycleBase.start(LifecycleBase.java:164)
	at org.apache.catalina.core.StandardServer.startInternal(StandardServer.java:870)
	at org.apache.catalina.util.LifecycleBase.start(LifecycleBase.java:164)
	at org.apache.catalina.startup.Tomcat.start(Tomcat.java:438)
	at org.springframework.boot.web.embedded.tomcat.TomcatWebServer.initialize(TomcatWebServer.java:128)
	... 16 common frames omitted
Caused by: org.springframework.beans.factory.UnsatisfiedDependencyException: Error creating bean with name 'customUserDetailsService': Unsatisfied dependency expressed through field 'userRepository': Error creating bean with name 'userRepository' defined in com.example.repositories.UserRepository defined in @EnableJpaRepositories declared on JpaRepositoriesRegistrar.EnableJpaRepositoriesConfiguration: Cannot resolve reference to bean 'jpaSharedEM_entityManagerFactory' while setting bean property 'entityManager'
	at org.springframework.beans.factory.annotation.AutowiredAnnotationBeanPostProcessor$AutowiredFieldElement.resolveFieldValue(AutowiredAnnotationBeanPostProcessor.java:788)
	at org.springframework.beans.factory.annotation.AutowiredAnnotationBeanPostProcessor$AutowiredFieldElement.inject(AutowiredAnnotationBeanPostProcessor.java:768)
	at org.springframework.beans.factory.annotation.InjectionMetadata.inject(InjectionMetadata.java:146)
	at org.springframework.beans.factory.annotation.AutowiredAnnotationBeanPostProcessor.postProcessProperties(AutowiredAnnotationBeanPostProcessor.java:509)
	at org.springframework.beans.factory.support.AbstractAutowireCapableBeanFactory.populateBean(AbstractAutowireCapableBeanFactory.java:1459)
	at org.springframework.beans.factory.support.AbstractAutowireCapableBeanFactory.doCreateBean(AbstractAutowireCapableBeanFactory.java:606)
	at org.springframework.beans.factory.support.AbstractAutowireCapableBeanFactory.createBean(AbstractAutowireCapableBeanFactory.java:529)
	at org.springframework.beans.factory.support.AbstractBeanFactory.lambda$doGetBean$0(AbstractBeanFactory.java:339)
	at org.springframework.beans.factory.support.DefaultSingletonBeanRegistry.getSingleton(DefaultSingletonBeanRegistry.java:373)
	at org.springframework.beans.factory.support.AbstractBeanFactory.doGetBean(AbstractBeanFactory.java:337)
	at org.springframework.beans.factory.support.AbstractBeanFactory.getBean(AbstractBeanFactory.java:202)
	at org.springframework.beans.factory.config.DependencyDescriptor.resolveCandidate(DependencyDescriptor.java:254)
	at org.springframework.beans.factory.support.DefaultListableBeanFactory.doResolveDependency(DefaultListableBeanFactory.java:1760)
	at org.springframework.beans.factory.support.DefaultListableBeanFactory.resolveDependency(DefaultListableBeanFactory.java:1643)
	at org.springframework.beans.factory.annotation.AutowiredAnnotationBeanPostProcessor$AutowiredFieldElement.resolveFieldValue(AutowiredAnnotationBeanPostProcessor.java:785)
	... 58 common frames omitted
Caused by: org.springframework.beans.factory.BeanCreationException: Error creating bean with name 'userRepository' defined in com.example.repositories.UserRepository defined in @EnableJpaRepositories declared on JpaRepositoriesRegistrar.EnableJpaRepositoriesConfiguration: Cannot resolve reference to bean 'jpaSharedEM_entityManagerFactory' while setting bean property 'entityManager'
	at org.springframework.beans.factory.support.BeanDefinitionValueResolver.resolveReference(BeanDefinitionValueResolver.java:377)
	at org.springframework.beans.factory.support.BeanDefinitionValueResolver.resolveValueIfNecessary(BeanDefinitionValueResolver.java:135)
	at org.springframework.beans.factory.support.AbstractAutowireCapableBeanFactory.applyPropertyValues(AbstractAutowireCapableBeanFactory.java:1725)
	at org.springframework.beans.factory.support.AbstractAutowireCapableBeanFactory.populateBean(AbstractAutowireCapableBeanFactory.java:1474)
	at org.springframework.beans.factory.support.AbstractAutowireCapableBeanFactory.doCreateBean(AbstractAutowireCapableBeanFactory.java:606)
	at org.springframework.beans.factory.support.AbstractAutowireCapableBeanFactory.createBean(AbstractAutowireCapableBeanFactory.java:529)
	at org.springframework.beans.factory.support.AbstractBeanFactory.lambda$doGetBean$0(AbstractBeanFactory.java:339)
	at org.springframework.beans.factory.support.DefaultSingletonBeanRegistry.getSingleton(DefaultSingletonBeanRegistry.java:373)
	at org.springframework.beans.factory.support.AbstractBeanFactory.doGetBean(AbstractBeanFactory.java:337)
	at org.springframework.beans.factory.support.AbstractBeanFactory.getBean(AbstractBeanFactory.java:202)
	at org.springframework.beans.factory.support.DefaultListableBeanFactory.doResolveDependency(DefaultListableBeanFactory.java:1698)
	at org.springframework.beans.factory.support.DefaultListableBeanFactory.resolveDependency(DefaultListableBeanFactory.java:1643)
	at org.springframework.beans.factory.annotation.AutowiredAnnotationBeanPostProcessor$AutowiredFieldElement.resolveFieldValue(AutowiredAnnotationBeanPostProcessor.java:785)
	... 72 common frames omitted
Caused by: org.springframework.beans.factory.BeanCreationException: Error creating bean with name 'jpaSharedEM_entityManagerFactory': Cannot resolve reference to bean 'entityManagerFactory' while setting constructor argument
	at org.springframework.beans.factory.support.BeanDefinitionValueResolver.resolveReference(BeanDefinitionValueResolver.java:377)
	at org.springframework.beans.factory.support.BeanDefinitionValueResolver.resolveValueIfNecessary(BeanDefinitionValueResolver.java:135)
	at org.springframework.beans.factory.support.ConstructorResolver.resolveConstructorArguments(ConstructorResolver.java:691)
	at org.springframework.beans.factory.support.ConstructorResolver.instantiateUsingFactoryMethod(ConstructorResolver.java:513)
	at org.springframework.beans.factory.support.AbstractAutowireCapableBeanFactory.instantiateUsingFactoryMethod(AbstractAutowireCapableBeanFactory.java:1375)
	at org.springframework.beans.factory.support.AbstractAutowireCapableBeanFactory.createBeanInstance(AbstractAutowireCapableBeanFactory.java:1205)
	at org.springframework.beans.factory.support.AbstractAutowireCapableBeanFactory.doCreateBean(AbstractAutowireCapableBeanFactory.java:569)
	at org.springframework.beans.factory.support.AbstractAutowireCapableBeanFactory.createBean(AbstractAutowireCapableBeanFactory.java:529)
	at org.springframework.beans.factory.support.AbstractBeanFactory.lambda$doGetBean$0(AbstractBeanFactory.java:339)
	at org.springframework.beans.factory.support.DefaultSingletonBeanRegistry.getSingleton(DefaultSingletonBeanRegistry.java:373)
	at org.springframework.beans.factory.support.AbstractBeanFactory.doGetBean(AbstractBeanFactory.java:337)
	at org.springframework.beans.factory.support.AbstractBeanFactory.getBean(AbstractBeanFactory.java:202)
	at org.springframework.beans.factory.support.BeanDefinitionValueResolver.resolveReference(BeanDefinitionValueResolver.java:365)
	... 84 common frames omitted
Caused by: org.springframework.beans.factory.BeanCreationException: Error creating bean with name 'entityManagerFactory' defined in class path resource [org/springframework/boot/autoconfigure/orm/jpa/HibernateJpaConfiguration.class]: [PersistenceUnit: default] Unable to build Hibernate SessionFactory; nested exception is org.hibernate.exception.GenericJDBCException: Unable to open JDBC Connection for DDL execution [Access denied for user 'root'@'localhost' (using password: YES)] [n/a]
	at org.springframework.beans.factory.support.AbstractAutowireCapableBeanFactory.initializeBean(AbstractAutowireCapableBeanFactory.java:1826)
	at org.springframework.beans.factory.support.AbstractAutowireCapableBeanFactory.doCreateBean(AbstractAutowireCapableBeanFactory.java:607)
	at org.springframework.beans.factory.support.AbstractAutowireCapableBeanFactory.createBean(AbstractAutowireCapableBeanFactory.java:529)
	at org.springframework.beans.factory.support.AbstractBeanFactory.lambda$doGetBean$0(AbstractBeanFactory.java:339)
	at org.springframework.beans.factory.support.DefaultSingletonBeanRegistry.getSingleton(DefaultSingletonBeanRegistry.java:373)
	at org.springframework.beans.factory.support.AbstractBeanFactory.doGetBean(AbstractBeanFactory.java:337)
	at org.springframework.beans.factory.support.AbstractBeanFactory.getBean(AbstractBeanFactory.java:202)
	at org.springframework.beans.factory.support.BeanDefinitionValueResolver.resolveReference(BeanDefinitionValueResolver.java:365)
	... 96 common frames omitted
Caused by: jakarta.persistence.PersistenceException: [PersistenceUnit: default] Unable to build Hibernate SessionFactory; nested exception is org.hibernate.exception.GenericJDBCException: Unable to open JDBC Connection for DDL execution [Access denied for user 'root'@'localhost' (using password: YES)] [n/a]
	at org.springframework.orm.jpa.AbstractEntityManagerFactoryBean.buildNativeEntityManagerFactory(AbstractEntityManagerFactoryBean.java:431)
	at org.springframework.orm.jpa.AbstractEntityManagerFactoryBean.afterPropertiesSet(AbstractEntityManagerFactoryBean.java:400)
	at org.springframework.orm.jpa.LocalContainerEntityManagerFactoryBean.afterPropertiesSet(LocalContainerEntityManagerFactoryBean.java:366)
	at org.springframework.beans.factory.support.AbstractAutowireCapableBeanFactory.invokeInitMethods(AbstractAutowireCapableBeanFactory.java:1873)
	at org.springframework.beans.factory.support.AbstractAutowireCapableBeanFactory.initializeBean(AbstractAutowireCapableBeanFactory.java:1822)
	... 103 common frames omitted
Caused by: org.hibernate.exception.GenericJDBCException: Unable to open JDBC Connection for DDL execution [Access denied for user 'root'@'localhost' (using password: YES)] [n/a]
	at org.hibernate.exception.internal.StandardSQLExceptionConverter.convert(StandardSQLExceptionConverter.java:63)
	at org.hibernate.engine.jdbc.spi.SqlExceptionHelper.convert(SqlExceptionHelper.java:108)
	at org.hibernate.engine.jdbc.spi.SqlExceptionHelper.convert(SqlExceptionHelper.java:94)
	at org.hibernate.resource.transaction.backend.jdbc.internal.DdlTransactionIsolatorNonJtaImpl.getIsolatedConnection(DdlTransactionIsolatorNonJtaImpl.java:74)
	at org.hibernate.resource.transaction.backend.jdbc.internal.DdlTransactionIsolatorNonJtaImpl.getIsolatedConnection(DdlTransactionIsolatorNonJtaImpl.java:39)
	at org.hibernate.tool.schema.internal.exec.ImprovedExtractionContextImpl.getJdbcConnection(ImprovedExtractionContextImpl.java:63)
	at org.hibernate.tool.schema.internal.exec.ImprovedExtractionContextImpl.getJdbcDatabaseMetaData(ImprovedExtractionContextImpl.java:70)
	at org.hibernate.tool.schema.extract.internal.InformationExtractorJdbcDatabaseMetaDataImpl.processTableResultSet(InformationExtractorJdbcDatabaseMetaDataImpl.java:65)
	at org.hibernate.tool.schema.extract.internal.AbstractInformationExtractorImpl.getTables(AbstractInformationExtractorImpl.java:570)
	at org.hibernate.tool.schema.extract.internal.DatabaseInformationImpl.getTablesInformation(DatabaseInformationImpl.java:122)
	at org.hibernate.tool.schema.internal.GroupedSchemaMigratorImpl.performTablesMigration(GroupedSchemaMigratorImpl.java:72)
	at org.hibernate.tool.schema.internal.AbstractSchemaMigrator.performMigration(AbstractSchemaMigrator.java:233)
	at org.hibernate.tool.schema.internal.AbstractSchemaMigrator.doMigration(AbstractSchemaMigrator.java:112)
	at org.hibernate.tool.schema.spi.SchemaManagementToolCoordinator.performDatabaseAction(SchemaManagementToolCoordinator.java:280)
	at org.hibernate.tool.schema.spi.SchemaManagementToolCoordinator.lambda$process$5(SchemaManagementToolCoordinator.java:144)
	at java.base/java.util.HashMap.forEach(HashMap.java:1430)
	at org.hibernate.tool.schema.spi.SchemaManagementToolCoordinator.process(SchemaManagementToolCoordinator.java:141)
	at org.hibernate.boot.internal.SessionFactoryObserverForSchemaExport.sessionFactoryCreated(SessionFactoryObserverForSchemaExport.java:37)
	at org.hibernate.internal.SessionFactoryObserverChain.sessionFactoryCreated(SessionFactoryObserverChain.java:35)
	at org.hibernate.internal.SessionFactoryImpl.<init>(SessionFactoryImpl.java:324)
	at org.hibernate.boot.internal.SessionFactoryBuilderImpl.build(SessionFactoryBuilderImpl.java:463)
	at org.hibernate.jpa.boot.internal.EntityManagerFactoryBuilderImpl.build(EntityManagerFactoryBuilderImpl.java:1517)
	at org.springframework.orm.jpa.vendor.SpringHibernateJpaPersistenceProvider.createContainerEntityManagerFactory(SpringHibernateJpaPersistenceProvider.java:66)
	at org.springframework.orm.jpa.LocalContainerEntityManagerFactoryBean.createNativeEntityManagerFactory(LocalContainerEntityManagerFactoryBean.java:390)
	at org.springframework.orm.jpa.AbstractEntityManagerFactoryBean.buildNativeEntityManagerFactory(AbstractEntityManagerFactoryBean.java:419)
	... 107 common frames omitted
Caused by: java.sql.SQLException: Access denied for user 'root'@'localhost' (using password: YES)
	at com.mysql.cj.jdbc.exceptions.SQLError.createSQLException(SQLError.java:121)
	at com.mysql.cj.jdbc.exceptions.SQLExceptionsMapping.translateException(SQLExceptionsMapping.java:114)
	at com.mysql.cj.jdbc.ConnectionImpl.createNewIO(ConnectionImpl.java:839)
	at com.mysql.cj.jdbc.ConnectionImpl.<init>(ConnectionImpl.java:415)
	at com.mysql.cj.jdbc.ConnectionImpl.getInstance(ConnectionImpl.java:237)
	at com.mysql.cj.jdbc.NonRegisteringDriver.connect(NonRegisteringDriver.java:180)
	at com.zaxxer.hikari.util.DriverDataSource.getConnection(DriverDataSource.java:144)
	at com.zaxxer.hikari.pool.PoolBase.newConnection(PoolBase.java:370)
	at com.zaxxer.hikari.pool.PoolBase.newPoolEntry(PoolBase.java:207)
	at com.zaxxer.hikari.pool.HikariPool.createPoolEntry(HikariPool.java:488)
	at com.zaxxer.hikari.pool.HikariPool.checkFailFast(HikariPool.java:576)
	at com.zaxxer.hikari.pool.HikariPool.<init>(HikariPool.java:97)
	at com.zaxxer.hikari.HikariDataSource.getConnection(HikariDataSource.java:111)
	at org.hibernate.engine.jdbc.connections.internal.DatasourceConnectionProviderImpl.getConnection(DatasourceConnectionProviderImpl.java:126)
	at org.hibernate.engine.jdbc.env.internal.JdbcEnvironmentInitiator$ConnectionProviderJdbcConnectionAccess.obtainConnection(JdbcEnvironmentInitiator.java:485)
	at org.hibernate.resource.transaction.backend.jdbc.internal.DdlTransactionIsolatorNonJtaImpl.getIsolatedConnection(DdlTransactionIsolatorNonJtaImpl.java:46)
	... 128 common frames omitted
09.19. 03.03.11 [restartedMain] [INFO] c.e.BlogApplicationBackEndApplication - Starting BlogApplicationBackEndApplication using Java 25.0.4.1 on DESKTOP-ADUUNFN with PID 12220 (D:\Source-Codes\Blog_Application_SourceCode\BlogApplication\Blog_Application_back-end\target\classes started by DELL in D:\Source-Codes\Blog_Application_SourceCode\BlogApplication\Blog_Application_back-end)
09.19. 03.03.11 [restartedMain] [INFO] c.e.BlogApplicationBackEndApplication - No active profile set, falling back to 1 default profile: "default"
09.19. 03.03.12 [restartedMain] [INFO] o.s.d.r.c.RepositoryConfigurationDelegate - Bootstrapping Spring Data JPA repositories in DEFAULT mode.
09.19. 03.03.12 [restartedMain] [INFO] o.s.d.r.c.RepositoryConfigurationDelegate - Finished Spring Data repository scanning in 277 ms. Found 4 JPA repository interfaces.
09.19. 03.03.13 [restartedMain] [INFO] o.s.b.w.e.tomcat.TomcatWebServer - Tomcat initialized with port(s): 8080 (http)
09.19. 03.03.13 [restartedMain] [INFO] o.a.catalina.core.StandardService - Starting service [Tomcat]
09.19. 03.03.13 [restartedMain] [INFO] o.a.catalina.core.StandardEngine - Starting Servlet engine: [Apache Tomcat/9.0.71]
09.19. 03.03.13 [restartedMain] [INFO] o.a.c.c.C.[.[localhost].[/] - Initializing Spring embedded WebApplicationContext
09.19. 03.03.13 [restartedMain] [INFO] o.s.b.w.s.c.ServletWebServerApplicationContext - Root WebApplicationContext: initialization completed in 2813 ms
09.19. 03.03.13 [restartedMain] [INFO] com.zaxxer.hikari.HikariDataSource - HikariPool-18 - Starting...
09.19. 03.03.15 [restartedMain] [ERROR] com.zaxxer.hikari.pool.HikariPool - HikariPool-18 - Exception during pool initialization.
java.sql.SQLException: Access denied for user 'root'@'localhost' (using password: YES)
	at com.mysql.cj.jdbc.exceptions.SQLError.createSQLException(SQLError.java:129)
	at com.mysql.cj.jdbc.exceptions.SQLExceptionsMapping.translateException(SQLExceptionsMapping.java:122)
	at com.mysql.cj.jdbc.ConnectionImpl.createNewIO(ConnectionImpl.java:824)
	at com.mysql.cj.jdbc.ConnectionImpl.<init>(ConnectionImpl.java:444)
	at com.mysql.cj.jdbc.ConnectionImpl.getInstance(ConnectionImpl.java:237)
	at com.mysql.cj.jdbc.NonRegisteringDriver.connect(NonRegisteringDriver.java:198)
	at com.zaxxer.hikari.util.DriverDataSource.getConnection(DriverDataSource.java:138)
	at com.zaxxer.hikari.pool.PoolBase.newConnection(PoolBase.java:364)
	at com.zaxxer.hikari.pool.PoolBase.newPoolEntry(PoolBase.java:206)
	at com.zaxxer.hikari.pool.HikariPool.createPoolEntry(HikariPool.java:476)
	at com.zaxxer.hikari.pool.HikariPool.checkFailFast(HikariPool.java:561)
	at com.zaxxer.hikari.pool.HikariPool.<init>(HikariPool.java:115)
	at com.zaxxer.hikari.HikariDataSource.getConnection(HikariDataSource.java:112)
	at org.springframework.boot.autoconfigure.h2.H2ConsoleAutoConfiguration.lambda$logDataSources$1(H2ConsoleAutoConfiguration.java:86)
	at java.base/java.util.stream.ReferencePipeline$3$1.accept(ReferencePipeline.java:214)
	at java.base/java.util.ArrayList.forEach(ArrayList.java:1604)
	at java.base/java.util.stream.SortedOps$RefSortingSink.end(SortedOps.java:395)
	at java.base/java.util.stream.Sink$ChainedReference.end(Sink.java:261)
	at java.base/java.util.stream.Sink$ChainedReference.end(Sink.java:261)
	at java.base/java.util.stream.AbstractPipeline.copyInto(AbstractPipeline.java:571)
	at java.base/java.util.stream.AbstractPipeline.wrapAndCopyInto(AbstractPipeline.java:560)
	at java.base/java.util.stream.ReduceOps$ReduceOp.evaluateSequential(ReduceOps.java:921)
	at java.base/java.util.stream.AbstractPipeline.evaluate(AbstractPipeline.java:265)
	at java.base/java.util.stream.ReferencePipeline.collect(ReferencePipeline.java:723)
	at org.springframework.boot.autoconfigure.h2.H2ConsoleAutoConfiguration.logDataSources(H2ConsoleAutoConfiguration.java:92)
	at org.springframework.boot.autoconfigure.h2.H2ConsoleAutoConfiguration.lambda$h2Console$0(H2ConsoleAutoConfiguration.java:68)
	at org.springframework.boot.autoconfigure.h2.H2ConsoleAutoConfiguration.withThreadContextClassLoader(H2ConsoleAutoConfiguration.java:77)
	at org.springframework.boot.autoconfigure.h2.H2ConsoleAutoConfiguration.h2Console(H2ConsoleAutoConfiguration.java:68)
	at java.base/jdk.internal.reflect.DirectMethodHandleAccessor.invoke(DirectMethodHandleAccessor.java:104)
	at java.base/java.lang.reflect.Method.invoke(Method.java:565)
	at org.springframework.beans.factory.support.SimpleInstantiationStrategy.instantiate(SimpleInstantiationStrategy.java:154)
	at org.springframework.beans.factory.support.ConstructorResolver.instantiate(ConstructorResolver.java:653)
	at org.springframework.beans.factory.support.ConstructorResolver.instantiateUsingFactoryMethod(ConstructorResolver.java:638)
	at org.springframework.beans.factory.support.AbstractAutowireCapableBeanFactory.instantiateUsingFactoryMethod(AbstractAutowireCapableBeanFactory.java:1352)
	at org.springframework.beans.factory.support.AbstractAutowireCapableBeanFactory.createBeanInstance(AbstractAutowireCapableBeanFactory.java:1195)
	at org.springframework.beans.factory.support.AbstractAutowireCapableBeanFactory.doCreateBean(AbstractAutowireCapableBeanFactory.java:582)
	at org.springframework.beans.factory.support.AbstractAutowireCapableBeanFactory.createBean(AbstractAutowireCapableBeanFactory.java:542)
	at org.springframework.beans.factory.support.AbstractBeanFactory.lambda$doGetBean$0(AbstractBeanFactory.java:335)
	at org.springframework.beans.factory.support.DefaultSingletonBeanRegistry.getSingleton(DefaultSingletonBeanRegistry.java:234)
	at org.springframework.beans.factory.support.AbstractBeanFactory.doGetBean(AbstractBeanFactory.java:333)
	at org.springframework.beans.factory.support.AbstractBeanFactory.getBean(AbstractBeanFactory.java:213)
	at org.springframework.boot.web.servlet.ServletContextInitializerBeans.getOrderedBeansOfType(ServletContextInitializerBeans.java:212)
	at org.springframework.boot.web.servlet.ServletContextInitializerBeans.getOrderedBeansOfType(ServletContextInitializerBeans.java:203)
	at org.springframework.boot.web.servlet.ServletContextInitializerBeans.addServletContextInitializerBeans(ServletContextInitializerBeans.java:97)
	at org.springframework.boot.web.servlet.ServletContextInitializerBeans.<init>(ServletContextInitializerBeans.java:86)
	at org.springframework.boot.web.servlet.context.ServletWebServerApplicationContext.getServletContextInitializerBeans(ServletWebServerApplicationContext.java:262)
	at org.springframework.boot.web.servlet.context.ServletWebServerApplicationContext.selfInitialize(ServletWebServerApplicationContext.java:236)
	at org.springframework.boot.web.embedded.tomcat.TomcatStarter.onStartup(TomcatStarter.java:53)
	at org.apache.catalina.core.StandardContext.startInternal(StandardContext.java:5211)
	at org.apache.catalina.util.LifecycleBase.start(LifecycleBase.java:183)
	at org.apache.catalina.core.ContainerBase$StartChild.call(ContainerBase.java:1393)
	at org.apache.catalina.core.ContainerBase$StartChild.call(ContainerBase.java:1383)
	at java.base/java.util.concurrent.FutureTask.run(FutureTask.java:328)
	at org.apache.tomcat.util.threads.InlineExecutorService.execute(InlineExecutorService.java:75)
	at java.base/java.util.concurrent.AbstractExecutorService.submit(AbstractExecutorService.java:149)
	at org.apache.catalina.core.ContainerBase.startInternal(ContainerBase.java:916)
	at org.apache.catalina.core.StandardHost.startInternal(StandardHost.java:835)
	at org.apache.catalina.util.LifecycleBase.start(LifecycleBase.java:183)
	at org.apache.catalina.core.ContainerBase$StartChild.call(ContainerBase.java:1393)
	at org.apache.catalina.core.ContainerBase$StartChild.call(ContainerBase.java:1383)
	at java.base/java.util.concurrent.FutureTask.run(FutureTask.java:328)
	at org.apache.tomcat.util.threads.InlineExecutorService.execute(InlineExecutorService.java:75)
	at java.base/java.util.concurrent.AbstractExecutorService.submit(AbstractExecutorService.java:149)
	at org.apache.catalina.core.ContainerBase.startInternal(ContainerBase.java:916)
	at org.apache.catalina.core.StandardEngine.startInternal(StandardEngine.java:265)
	at org.apache.catalina.util.LifecycleBase.start(LifecycleBase.java:183)
	at org.apache.catalina.core.StandardService.startInternal(StandardService.java:430)
	at org.apache.catalina.util.LifecycleBase.start(LifecycleBase.java:183)
	at org.apache.catalina.core.StandardServer.startInternal(StandardServer.java:930)
	at org.apache.catalina.util.LifecycleBase.start(LifecycleBase.java:183)
	at org.apache.catalina.startup.Tomcat.start(Tomcat.java:486)
	at org.springframework.boot.web.embedded.tomcat.TomcatWebServer.initialize(TomcatWebServer.java:123)
	at org.springframework.boot.web.embedded.tomcat.TomcatWebServer.<init>(TomcatWebServer.java:104)
	at org.springframework.boot.web.embedded.tomcat.TomcatServletWebServerFactory.getTomcatWebServer(TomcatServletWebServerFactory.java:479)
	at org.springframework.boot.web.embedded.tomcat.TomcatServletWebServerFactory.getWebServer(TomcatServletWebServerFactory.java:211)
	at org.springframework.boot.web.servlet.context.ServletWebServerApplicationContext.createWebServer(ServletWebServerApplicationContext.java:184)
	at org.springframework.boot.web.servlet.context.ServletWebServerApplicationContext.onRefresh(ServletWebServerApplicationContext.java:162)
	at org.springframework.context.support.AbstractApplicationContext.refresh(AbstractApplicationContext.java:577)
	at org.springframework.boot.web.servlet.context.ServletWebServerApplicationContext.refresh(ServletWebServerApplicationContext.java:147)
	at org.springframework.boot.SpringApplication.refresh(SpringApplication.java:731)
	at org.springframework.boot.SpringApplication.refreshContext(SpringApplication.java:408)
	at org.springframework.boot.SpringApplication.run(SpringApplication.java:307)
	at org.springframework.boot.SpringApplication.run(SpringApplication.java:1303)
	at org.springframework.boot.SpringApplication.run(SpringApplication.java:1292)
	at com.example.BlogApplicationBackEndApplication.main(BlogApplicationBackEndApplication.java:16)
	at java.base/jdk.internal.reflect.DirectMethodHandleAccessor.invoke(DirectMethodHandleAccessor.java:104)
	at java.base/java.lang.reflect.Method.invoke(Method.java:565)
	at org.springframework.boot.devtools.restart.RestartLauncher.run(RestartLauncher.java:49)
09.19. 03.03.15 [restartedMain] [ERROR] o.s.b.w.e.tomcat.TomcatStarter - Error starting Tomcat context. Exception: org.springframework.beans.factory.BeanCreationException. Message: Error creating bean with name 'jwtAuthenticationFilter': Lookup method resolution failed; nested exception is java.lang.IllegalStateException: Failed to introspect Class [com.example.security.JwtAuthenticationFilter] from ClassLoader [org.springframework.boot.devtools.restart.classloader.RestartClassLoader@28fbe9b3]
09.19. 03.03.15 [restartedMain] [INFO] o.a.catalina.core.StandardService - Stopping service [Tomcat]
09.19. 03.03.15 [restartedMain] [WARN] o.s.b.w.s.c.AnnotationConfigServletWebServerApplicationContext - Exception encountered during context initialization - cancelling refresh attempt: org.springframework.context.ApplicationContextException: Unable to start web server; nested exception is org.springframework.boot.web.server.WebServerException: Unable to start embedded Tomcat
09.19. 03.03.15 [restartedMain] [INFO] o.s.b.a.l.ConditionEvaluationReportLoggingListener - 

Error starting ApplicationContext. To display the conditions report re-run your application with 'debug' enabled.
09.19. 03.03.15 [restartedMain] [ERROR] o.s.boot.SpringApplication - Application run failed
org.springframework.context.ApplicationContextException: Unable to start web server; nested exception is org.springframework.boot.web.server.WebServerException: Unable to start embedded Tomcat
	at org.springframework.boot.web.servlet.context.ServletWebServerApplicationContext.onRefresh(ServletWebServerApplicationContext.java:165)
	at org.springframework.context.support.AbstractApplicationContext.refresh(AbstractApplicationContext.java:577)
	at org.springframework.boot.web.servlet.context.ServletWebServerApplicationContext.refresh(ServletWebServerApplicationContext.java:147)
	at org.springframework.boot.SpringApplication.refresh(SpringApplication.java:731)
	at org.springframework.boot.SpringApplication.refreshContext(SpringApplication.java:408)
	at org.springframework.boot.SpringApplication.run(SpringApplication.java:307)
	at org.springframework.boot.SpringApplication.run(SpringApplication.java:1303)
	at org.springframework.boot.SpringApplication.run(SpringApplication.java:1292)
	at com.example.BlogApplicationBackEndApplication.main(BlogApplicationBackEndApplication.java:16)
	at java.base/jdk.internal.reflect.DirectMethodHandleAccessor.invoke(DirectMethodHandleAccessor.java:104)
	at java.base/java.lang.reflect.Method.invoke(Method.java:565)
	at org.springframework.boot.devtools.restart.RestartLauncher.run(RestartLauncher.java:49)
Caused by: org.springframework.boot.web.server.WebServerException: Unable to start embedded Tomcat
	at org.springframework.boot.web.embedded.tomcat.TomcatWebServer.initialize(TomcatWebServer.java:142)
	at org.springframework.boot.web.embedded.tomcat.TomcatWebServer.<init>(TomcatWebServer.java:104)
	at org.springframework.boot.web.embedded.tomcat.TomcatServletWebServerFactory.getTomcatWebServer(TomcatServletWebServerFactory.java:479)
	at org.springframework.boot.web.embedded.tomcat.TomcatServletWebServerFactory.getWebServer(TomcatServletWebServerFactory.java:211)
	at org.springframework.boot.web.servlet.context.ServletWebServerApplicationContext.createWebServer(ServletWebServerApplicationContext.java:184)
	at org.springframework.boot.web.servlet.context.ServletWebServerApplicationContext.onRefresh(ServletWebServerApplicationContext.java:162)
	... 11 common frames omitted
Caused by: org.springframework.beans.factory.BeanCreationException: Error creating bean with name 'jwtAuthenticationFilter': Lookup method resolution failed; nested exception is java.lang.IllegalStateException: Failed to introspect Class [com.example.security.JwtAuthenticationFilter] from ClassLoader [org.springframework.boot.devtools.restart.classloader.RestartClassLoader@28fbe9b3]
	at org.springframework.beans.factory.annotation.AutowiredAnnotationBeanPostProcessor.determineCandidateConstructors(AutowiredAnnotationBeanPostProcessor.java:289)
	at org.springframework.beans.factory.support.AbstractAutowireCapableBeanFactory.determineConstructorsFromBeanPostProcessors(AbstractAutowireCapableBeanFactory.java:1302)
	at org.springframework.beans.factory.support.AbstractAutowireCapableBeanFactory.createBeanInstance(AbstractAutowireCapableBeanFactory.java:1219)
	at org.springframework.beans.factory.support.AbstractAutowireCapableBeanFactory.doCreateBean(AbstractAutowireCapableBeanFactory.java:582)
	at org.springframework.beans.factory.support.AbstractAutowireCapableBeanFactory.createBean(AbstractAutowireCapableBeanFactory.java:542)
	at org.springframework.beans.factory.support.AbstractBeanFactory.lambda$doGetBean$0(AbstractBeanFactory.java:335)
	at org.springframework.beans.factory.support.DefaultSingletonBeanRegistry.getSingleton(DefaultSingletonBeanRegistry.java:234)
	at org.springframework.beans.factory.support.AbstractBeanFactory.doGetBean(AbstractBeanFactory.java:333)
	at org.springframework.beans.factory.support.AbstractBeanFactory.getBean(AbstractBeanFactory.java:213)
	at org.springframework.boot.web.servlet.ServletContextInitializerBeans.getOrderedBeansOfType(ServletContextInitializerBeans.java:212)
	at org.springframework.boot.web.servlet.ServletContextInitializerBeans.addAsRegistrationBean(ServletContextInitializerBeans.java:175)
	at org.springframework.boot.web.servlet.ServletContextInitializerBeans.addAsRegistrationBean(ServletContextInitializerBeans.java:170)
	at org.springframework.boot.web.servlet.ServletContextInitializerBeans.addAdaptableBeans(ServletContextInitializerBeans.java:155)
	at org.springframework.boot.web.servlet.ServletContextInitializerBeans.<init>(ServletContextInitializerBeans.java:87)
	at org.springframework.boot.web.servlet.context.ServletWebServerApplicationContext.getServletContextInitializerBeans(ServletWebServerApplicationContext.java:262)
	at org.springframework.boot.web.servlet.context.ServletWebServerApplicationContext.selfInitialize(ServletWebServerApplicationContext.java:236)
	at org.springframework.boot.web.embedded.tomcat.TomcatStarter.onStartup(TomcatStarter.java:53)
	at org.apache.catalina.core.StandardContext.startInternal(StandardContext.java:5211)
	at org.apache.catalina.util.LifecycleBase.start(LifecycleBase.java:183)
	at org.apache.catalina.core.ContainerBase$StartChild.call(ContainerBase.java:1393)
	at org.apache.catalina.core.ContainerBase$StartChild.call(ContainerBase.java:1383)
	at java.base/java.util.concurrent.FutureTask.run(FutureTask.java:328)
	at org.apache.tomcat.util.threads.InlineExecutorService.execute(InlineExecutorService.java:75)
	at java.base/java.util.concurrent.AbstractExecutorService.submit(AbstractExecutorService.java:149)
	at org.apache.catalina.core.ContainerBase.startInternal(ContainerBase.java:916)
	at org.apache.catalina.core.StandardHost.startInternal(StandardHost.java:835)
	at org.apache.catalina.util.LifecycleBase.start(LifecycleBase.java:183)
	at org.apache.catalina.core.ContainerBase$StartChild.call(ContainerBase.java:1393)
	at org.apache.catalina.core.ContainerBase$StartChild.call(ContainerBase.java:1383)
	at java.base/java.util.concurrent.FutureTask.run(FutureTask.java:328)
	at org.apache.tomcat.util.threads.InlineExecutorService.execute(InlineExecutorService.java:75)
	at java.base/java.util.concurrent.AbstractExecutorService.submit(AbstractExecutorService.java:149)
	at org.apache.catalina.core.ContainerBase.startInternal(ContainerBase.java:916)
	at org.apache.catalina.core.StandardEngine.startInternal(StandardEngine.java:265)
	at org.apache.catalina.util.LifecycleBase.start(LifecycleBase.java:183)
	at org.apache.catalina.core.StandardService.startInternal(StandardService.java:430)
	at org.apache.catalina.util.LifecycleBase.start(LifecycleBase.java:183)
	at org.apache.catalina.core.StandardServer.startInternal(StandardServer.java:930)
	at org.apache.catalina.util.LifecycleBase.start(LifecycleBase.java:183)
	at org.apache.catalina.startup.Tomcat.start(Tomcat.java:486)
	at org.springframework.boot.web.embedded.tomcat.TomcatWebServer.initialize(TomcatWebServer.java:123)
	... 16 common frames omitted
Caused by: java.lang.IllegalStateException: Failed to introspect Class [com.example.security.JwtAuthenticationFilter] from ClassLoader [org.springframework.boot.devtools.restart.classloader.RestartClassLoader@28fbe9b3]
	at org.springframework.util.ReflectionUtils.getDeclaredMethods(ReflectionUtils.java:485)
	at org.springframework.util.ReflectionUtils.doWithLocalMethods(ReflectionUtils.java:321)
	at org.springframework.beans.factory.annotation.AutowiredAnnotationBeanPostProcessor.determineCandidateConstructors(AutowiredAnnotationBeanPostProcessor.java:267)
	... 56 common frames omitted
Caused by: java.lang.NoClassDefFoundError: HttpServletRequest
	at java.base/java.lang.Class.getDeclaredMethods0(Native Method)
	at java.base/java.lang.Class.privateGetDeclaredMethods(Class.java:3010)
	at java.base/java.lang.Class.getDeclaredMethods(Class.java:2329)
	at org.springframework.util.ReflectionUtils.getDeclaredMethods(ReflectionUtils.java:467)
	... 58 common frames omitted
Caused by: java.lang.ClassNotFoundException: HttpServletRequest
	at java.base/jdk.internal.loader.BuiltinClassLoader.loadClass(BuiltinClassLoader.java:580)
	at java.base/java.lang.ClassLoader.loadClass(ClassLoader.java:490)
	at java.base/java.lang.Class.forName0(Native Method)
	at java.base/java.lang.Class.forName(Class.java:547)
	at org.springframework.boot.devtools.restart.classloader.RestartClassLoader.loadClass(RestartClassLoader.java:145)
	at java.base/java.lang.ClassLoader.loadClass(ClassLoader.java:490)
	... 62 common frames omitted
09.19. 03.03.25 [restartedMain] [INFO] c.e.BlogApplicationBackEndApplication - Starting BlogApplicationBackEndApplication using Java 25.0.4.1 on DESKTOP-ADUUNFN with PID 12220 (D:\Source-Codes\Blog_Application_SourceCode\BlogApplication\Blog_Application_back-end\target\classes started by DELL in D:\Source-Codes\Blog_Application_SourceCode\BlogApplication\Blog_Application_back-end)
09.19. 03.03.25 [restartedMain] [INFO] c.e.BlogApplicationBackEndApplication - No active profile set, falling back to 1 default profile: "default"
09.19. 03.03.25 [restartedMain] [WARN] o.s.b.w.s.c.AnnotationConfigServletWebServerApplicationContext - Exception encountered during context initialization - cancelling refresh attempt: org.springframework.beans.factory.BeanDefinitionStoreException: Failed to read candidate component class: file [D:\Source-Codes\Blog_Application_SourceCode\BlogApplication\Blog_Application_back-end\target\classes\com\example\BlogApplicationBackEndApplication.class]; nested exception is org.springframework.core.NestedIOException: ASM ClassReader failed to parse class file - probably due to a new Java class file version that isn't supported yet: file [D:\Source-Codes\Blog_Application_SourceCode\BlogApplication\Blog_Application_back-end\target\classes\com\example\BlogApplicationBackEndApplication.class]; nested exception is java.lang.IllegalArgumentException: Unsupported class file major version 69
09.19. 03.03.25 [restartedMain] [ERROR] o.s.boot.SpringApplication - Application run failed
org.springframework.beans.factory.BeanDefinitionStoreException: Failed to read candidate component class: file [D:\Source-Codes\Blog_Application_SourceCode\BlogApplication\Blog_Application_back-end\target\classes\com\example\BlogApplicationBackEndApplication.class]; nested exception is org.springframework.core.NestedIOException: ASM ClassReader failed to parse class file - probably due to a new Java class file version that isn't supported yet: file [D:\Source-Codes\Blog_Application_SourceCode\BlogApplication\Blog_Application_back-end\target\classes\com\example\BlogApplicationBackEndApplication.class]; nested exception is java.lang.IllegalArgumentException: Unsupported class file major version 69
	at org.springframework.context.annotation.ClassPathScanningCandidateComponentProvider.scanCandidateComponents(ClassPathScanningCandidateComponentProvider.java:457)
	at org.springframework.context.annotation.ClassPathScanningCandidateComponentProvider.findCandidateComponents(ClassPathScanningCandidateComponentProvider.java:316)
	at org.springframework.context.annotation.ClassPathBeanDefinitionScanner.doScan(ClassPathBeanDefinitionScanner.java:276)
	at org.springframework.context.annotation.ComponentScanAnnotationParser.parse(ComponentScanAnnotationParser.java:128)
	at org.springframework.context.annotation.ConfigurationClassParser.doProcessConfigurationClass(ConfigurationClassParser.java:295)
	at org.springframework.context.annotation.ConfigurationClassParser.processConfigurationClass(ConfigurationClassParser.java:249)
	at org.springframework.context.annotation.ConfigurationClassParser.parse(ConfigurationClassParser.java:206)
	at org.springframework.context.annotation.ConfigurationClassParser.parse(ConfigurationClassParser.java:174)
	at org.springframework.context.annotation.ConfigurationClassPostProcessor.processConfigBeanDefinitions(ConfigurationClassPostProcessor.java:331)
	at org.springframework.context.annotation.ConfigurationClassPostProcessor.postProcessBeanDefinitionRegistry(ConfigurationClassPostProcessor.java:247)
	at org.springframework.context.support.PostProcessorRegistrationDelegate.invokeBeanDefinitionRegistryPostProcessors(PostProcessorRegistrationDelegate.java:311)
	at org.springframework.context.support.PostProcessorRegistrationDelegate.invokeBeanFactoryPostProcessors(PostProcessorRegistrationDelegate.java:112)
	at org.springframework.context.support.AbstractApplicationContext.invokeBeanFactoryPostProcessors(AbstractApplicationContext.java:746)
	at org.springframework.context.support.AbstractApplicationContext.refresh(AbstractApplicationContext.java:564)
	at org.springframework.boot.web.servlet.context.ServletWebServerApplicationContext.refresh(ServletWebServerApplicationContext.java:147)
	at org.springframework.boot.SpringApplication.refresh(SpringApplication.java:731)
	at org.springframework.boot.SpringApplication.refreshContext(SpringApplication.java:408)
	at org.springframework.boot.SpringApplication.run(SpringApplication.java:307)
	at org.springframework.boot.SpringApplication.run(SpringApplication.java:1303)
	at org.springframework.boot.SpringApplication.run(SpringApplication.java:1292)
	at com.example.BlogApplicationBackEndApplication.main(BlogApplicationBackEndApplication.java:16)
	at java.base/jdk.internal.reflect.DirectMethodHandleAccessor.invoke(DirectMethodHandleAccessor.java:104)
	at java.base/java.lang.reflect.Method.invoke(Method.java:565)
	at org.springframework.boot.devtools.restart.RestartLauncher.run(RestartLauncher.java:49)
Caused by: org.springframework.core.NestedIOException: ASM ClassReader failed to parse class file - probably due to a new Java class file version that isn't supported yet: file [D:\Source-Codes\Blog_Application_SourceCode\BlogApplication\Blog_Application_back-end\target\classes\com\example\BlogApplicationBackEndApplication.class]; nested exception is java.lang.IllegalArgumentException: Unsupported class file major version 69
	at org.springframework.core.type.classreading.SimpleMetadataReader.getClassReader(SimpleMetadataReader.java:60)
	at org.springframework.core.type.classreading.SimpleMetadataReader.<init>(SimpleMetadataReader.java:48)
	at org.springframework.core.type.classreading.SimpleMetadataReaderFactory.getMetadataReader(SimpleMetadataReaderFactory.java:103)
	at org.springframework.core.type.classreading.CachingMetadataReaderFactory.getMetadataReader(CachingMetadataReaderFactory.java:123)
	at org.springframework.context.annotation.ClassPathScanningCandidateComponentProvider.scanCandidateComponents(ClassPathScanningCandidateComponentProvider.java:429)
	... 23 common frames omitted
Caused by: java.lang.IllegalArgumentException: Unsupported class file major version 69
	at org.springframework.asm.ClassReader.<init>(ClassReader.java:199)
	at org.springframework.asm.ClassReader.<init>(ClassReader.java:180)
	at org.springframework.asm.ClassReader.<init>(ClassReader.java:166)
	at org.springframework.asm.ClassReader.<init>(ClassReader.java:287)
	at org.springframework.core.type.classreading.SimpleMetadataReader.getClassReader(SimpleMetadataReader.java:57)
	... 27 common frames omitted
09.19. 03.03.41 [restartedMain] [INFO] c.e.BlogApplicationBackEndApplication - Starting BlogApplicationBackEndApplication using Java 25.0.4.1 on DESKTOP-ADUUNFN with PID 12220 (D:\Source-Codes\Blog_Application_SourceCode\BlogApplication\Blog_Application_back-end\target\classes started by DELL in D:\Source-Codes\Blog_Application_SourceCode\BlogApplication\Blog_Application_back-end)
09.19. 03.03.41 [restartedMain] [INFO] c.e.BlogApplicationBackEndApplication - No active profile set, falling back to 1 default profile: "default"
09.19. 03.03.41 [restartedMain] [WARN] o.s.b.w.s.c.AnnotationConfigServletWebServerApplicationContext - Exception encountered during context initialization - cancelling refresh attempt: org.springframework.beans.factory.BeanDefinitionStoreException: Failed to read candidate component class: file [D:\Source-Codes\Blog_Application_SourceCode\BlogApplication\Blog_Application_back-end\target\classes\com\example\BlogApplicationBackEndApplication.class]; nested exception is org.springframework.core.NestedIOException: ASM ClassReader failed to parse class file - probably due to a new Java class file version that isn't supported yet: file [D:\Source-Codes\Blog_Application_SourceCode\BlogApplication\Blog_Application_back-end\target\classes\com\example\BlogApplicationBackEndApplication.class]; nested exception is java.lang.IllegalArgumentException: Unsupported class file major version 69
09.19. 03.03.41 [restartedMain] [ERROR] o.s.boot.SpringApplication - Application run failed
org.springframework.beans.factory.BeanDefinitionStoreException: Failed to read candidate component class: file [D:\Source-Codes\Blog_Application_SourceCode\BlogApplication\Blog_Application_back-end\target\classes\com\example\BlogApplicationBackEndApplication.class]; nested exception is org.springframework.core.NestedIOException: ASM ClassReader failed to parse class file - probably due to a new Java class file version that isn't supported yet: file [D:\Source-Codes\Blog_Application_SourceCode\BlogApplication\Blog_Application_back-end\target\classes\com\example\BlogApplicationBackEndApplication.class]; nested exception is java.lang.IllegalArgumentException: Unsupported class file major version 69
	at org.springframework.context.annotation.ClassPathScanningCandidateComponentProvider.scanCandidateComponents(ClassPathScanningCandidateComponentProvider.java:457)
	at org.springframework.context.annotation.ClassPathScanningCandidateComponentProvider.findCandidateComponents(ClassPathScanningCandidateComponentProvider.java:316)
	at org.springframework.context.annotation.ClassPathBeanDefinitionScanner.doScan(ClassPathBeanDefinitionScanner.java:276)
	at org.springframework.context.annotation.ComponentScanAnnotationParser.parse(ComponentScanAnnotationParser.java:128)
	at org.springframework.context.annotation.ConfigurationClassParser.doProcessConfigurationClass(ConfigurationClassParser.java:295)
	at org.springframework.context.annotation.ConfigurationClassParser.processConfigurationClass(ConfigurationClassParser.java:249)
	at org.springframework.context.annotation.ConfigurationClassParser.parse(ConfigurationClassParser.java:206)
	at org.springframework.context.annotation.ConfigurationClassParser.parse(ConfigurationClassParser.java:174)
	at org.springframework.context.annotation.ConfigurationClassPostProcessor.processConfigBeanDefinitions(ConfigurationClassPostProcessor.java:331)
	at org.springframework.context.annotation.ConfigurationClassPostProcessor.postProcessBeanDefinitionRegistry(ConfigurationClassPostProcessor.java:247)
	at org.springframework.context.support.PostProcessorRegistrationDelegate.invokeBeanDefinitionRegistryPostProcessors(PostProcessorRegistrationDelegate.java:311)
	at org.springframework.context.support.PostProcessorRegistrationDelegate.invokeBeanFactoryPostProcessors(PostProcessorRegistrationDelegate.java:112)
	at org.springframework.context.support.AbstractApplicationContext.invokeBeanFactoryPostProcessors(AbstractApplicationContext.java:746)
	at org.springframework.context.support.AbstractApplicationContext.refresh(AbstractApplicationContext.java:564)
	at org.springframework.boot.web.servlet.context.ServletWebServerApplicationContext.refresh(ServletWebServerApplicationContext.java:147)
	at org.springframework.boot.SpringApplication.refresh(SpringApplication.java:731)
	at org.springframework.boot.SpringApplication.refreshContext(SpringApplication.java:408)
	at org.springframework.boot.SpringApplication.run(SpringApplication.java:307)
	at org.springframework.boot.SpringApplication.run(SpringApplication.java:1303)
	at org.springframework.boot.SpringApplication.run(SpringApplication.java:1292)
	at com.example.BlogApplicationBackEndApplication.main(BlogApplicationBackEndApplication.java:16)
	at java.base/jdk.internal.reflect.DirectMethodHandleAccessor.invoke(DirectMethodHandleAccessor.java:104)
	at java.base/java.lang.reflect.Method.invoke(Method.java:565)
	at org.springframework.boot.devtools.restart.RestartLauncher.run(RestartLauncher.java:49)
Caused by: org.springframework.core.NestedIOException: ASM ClassReader failed to parse class file - probably due to a new Java class file version that isn't supported yet: file [D:\Source-Codes\Blog_Application_SourceCode\BlogApplication\Blog_Application_back-end\target\classes\com\example\BlogApplicationBackEndApplication.class]; nested exception is java.lang.IllegalArgumentException: Unsupported class file major version 69
	at org.springframework.core.type.classreading.SimpleMetadataReader.getClassReader(SimpleMetadataReader.java:60)
	at org.springframework.core.type.classreading.SimpleMetadataReader.<init>(SimpleMetadataReader.java:48)
	at org.springframework.core.type.classreading.SimpleMetadataReaderFactory.getMetadataReader(SimpleMetadataReaderFactory.java:103)
	at org.springframework.core.type.classreading.CachingMetadataReaderFactory.getMetadataReader(CachingMetadataReaderFactory.java:123)
	at org.springframework.context.annotation.ClassPathScanningCandidateComponentProvider.scanCandidateComponents(ClassPathScanningCandidateComponentProvider.java:429)
	... 23 common frames omitted
Caused by: java.lang.IllegalArgumentException: Unsupported class file major version 69
	at org.springframework.asm.ClassReader.<init>(ClassReader.java:199)
	at org.springframework.asm.ClassReader.<init>(ClassReader.java:180)
	at org.springframework.asm.ClassReader.<init>(ClassReader.java:166)
	at org.springframework.asm.ClassReader.<init>(ClassReader.java:287)
	at org.springframework.core.type.classreading.SimpleMetadataReader.getClassReader(SimpleMetadataReader.java:57)
	... 27 common frames omitted
09.19. 03.03.58 [background-preinit] [INFO] o.h.validator.internal.util.Version - HV000001: Hibernate Validator 8.0.3.Final
09.19. 03.03.58 [restartedMain] [INFO] c.e.BlogApplicationBackEndApplication - Starting BlogApplicationBackEndApplication using Java 25.0.4.1 with PID 12716 (D:\Source-Codes\Blog_Application_SourceCode\BlogApplication\Blog_Application_back-end\target\classes started by DELL in D:\Source-Codes\Blog_Application_SourceCode\BlogApplication\Blog_Application_back-end)
09.19. 03.03.58 [restartedMain] [INFO] c.e.BlogApplicationBackEndApplication - No active profile set, falling back to 1 default profile: "default"
09.19. 03.03.58 [restartedMain] [INFO] o.s.b.d.e.DevToolsPropertyDefaultsPostProcessor - Devtools property defaults active! Set 'spring.devtools.add-properties' to 'false' to disable
09.19. 03.03.58 [restartedMain] [INFO] o.s.b.d.e.DevToolsPropertyDefaultsPostProcessor - For additional web related logging consider setting the 'logging.level.web' property to 'DEBUG'
09.19. 03.03.59 [restartedMain] [INFO] o.s.d.r.c.RepositoryConfigurationDelegate - Bootstrapping Spring Data JPA repositories in DEFAULT mode.
09.19. 03.03.59 [restartedMain] [INFO] o.s.d.r.c.RepositoryConfigurationDelegate - Finished Spring Data repository scanning in 62 ms. Found 4 JPA repository interfaces.
09.19. 03.03.59 [restartedMain] [INFO] o.s.b.w.e.tomcat.TomcatWebServer - Tomcat initialized with port 8080 (http)
09.19. 03.03.59 [restartedMain] [INFO] o.a.coyote.http11.Http11NioProtocol - Initializing ProtocolHandler ["http-nio-8080"]
09.19. 03.03.59 [restartedMain] [INFO] o.a.catalina.core.StandardService - Starting service [Tomcat]
09.19. 03.03.59 [restartedMain] [INFO] o.a.catalina.core.StandardEngine - Starting Servlet engine: [Apache Tomcat/10.1.46]
09.19. 03.04.00 [restartedMain] [INFO] o.a.c.c.C.[Tomcat].[localhost].[/] - Initializing Spring embedded WebApplicationContext
09.19. 03.04.00 [restartedMain] [INFO] o.s.b.w.s.c.ServletWebServerApplicationContext - Root WebApplicationContext: initialization completed in 1165 ms
09.19. 03.04.00 [restartedMain] [INFO] o.h.jpa.internal.util.LogHelper - HHH000204: Processing PersistenceUnitInfo [name: default]
09.19. 03.04.00 [restartedMain] [INFO] org.hibernate.Version - HHH000412: Hibernate ORM core version 6.6.29.Final
09.19. 03.04.00 [restartedMain] [INFO] o.h.c.i.RegionFactoryInitiator - HHH000026: Second-level cache disabled
09.19. 03.04.00 [restartedMain] [INFO] o.s.o.j.p.SpringPersistenceUnitInfo - No LoadTimeWeaver setup: ignoring JPA class transformer
09.19. 03.04.00 [restartedMain] [INFO] com.zaxxer.hikari.HikariDataSource - HikariPool-1 - Starting...
09.19. 03.04.00 [restartedMain] [INFO] com.zaxxer.hikari.pool.HikariPool - HikariPool-1 - Added connection com.mysql.cj.jdbc.ConnectionImpl@6bf5e4f5
09.19. 03.04.00 [restartedMain] [INFO] com.zaxxer.hikari.HikariDataSource - HikariPool-1 - Start completed.
09.19. 03.04.00 [restartedMain] [WARN] org.hibernate.orm.deprecation - HHH90000025: MySQL8Dialect does not need to be specified explicitly using 'hibernate.dialect' (remove the property setting and it will be selected by default)
09.19. 03.04.00 [restartedMain] [WARN] org.hibernate.orm.deprecation - HHH90000026: MySQL8Dialect has been deprecated; use org.hibernate.dialect.MySQLDialect instead
09.19. 03.04.00 [restartedMain] [INFO] o.hibernate.orm.connections.pooling - HHH10001005: Database info:
	Database JDBC URL [Connecting through datasource 'HikariDataSource (HikariPool-1)']
	Database driver: undefined/unknown
	Database version: 8.0
	Autocommit mode: undefined/unknown
	Isolation level: undefined/unknown
	Minimum pool size: undefined/unknown
	Maximum pool size: undefined/unknown
09.19. 03.04.01 [restartedMain] [INFO] o.h.e.t.j.p.i.JtaPlatformInitiator - HHH000489: No JTA platform available (set 'hibernate.transaction.jta.platform' to enable JTA platform integration)
09.19. 03.04.01 [restartedMain] [INFO] o.s.o.j.LocalContainerEntityManagerFactoryBean - Initialized JPA EntityManagerFactory for persistence unit 'default'
09.19. 03.04.02 [restartedMain] [INFO] o.s.s.c.a.a.c.InitializeUserDetailsBeanManagerConfigurer$InitializeUserDetailsManagerConfigurer - Global AuthenticationManager configured with UserDetailsService bean with name customUserDetailsService
09.19. 03.04.02 [restartedMain] [WARN] o.s.b.a.o.j.JpaBaseConfiguration$JpaWebConfiguration - spring.jpa.open-in-view is enabled by default. Therefore, database queries may be performed during view rendering. Explicitly configure spring.jpa.open-in-view to disable this warning
09.19. 03.04.02 [restartedMain] [DEBUG] o.s.s.web.DefaultSecurityFilterChain - Will secure any request with filters: DisableEncodeUrlFilter, WebAsyncManagerIntegrationFilter, SecurityContextHolderFilter, HeaderWriterFilter, CorsFilter, LogoutFilter, JwtAuthenticationFilter, RequestCacheAwareFilter, SecurityContextHolderAwareRequestFilter, AnonymousAuthenticationFilter, SessionManagementFilter, ExceptionTranslationFilter, AuthorizationFilter
09.19. 03.04.02 [restartedMain] [INFO] o.s.b.a.h.H2ConsoleAutoConfiguration - H2 console available at '/h2-console'. Database available at 'jdbc:mysql://localhost:3306/db_blog_application'
09.19. 03.04.02 [restartedMain] [WARN] o.s.b.d.a.OptionalLiveReloadServer - Unable to start LiveReload server
09.19. 03.04.02 [restartedMain] [INFO] o.a.coyote.http11.Http11NioProtocol - Starting ProtocolHandler ["http-nio-8080"]
09.19. 03.04.02 [restartedMain] [INFO] o.s.b.w.e.tomcat.TomcatWebServer - Tomcat started on port 8080 (http) with context path '/'
09.19. 03.04.02 [restartedMain] [INFO] c.e.BlogApplicationBackEndApplication - Started BlogApplicationBackEndApplication in 4.199 seconds (process running for 4.665)
09.19. 03.06.07 [http-nio-8080-exec-1] [INFO] o.a.c.c.C.[Tomcat].[localhost].[/] - Initializing Spring DispatcherServlet 'dispatcherServlet'
09.19. 03.06.07 [http-nio-8080-exec-1] [INFO] o.s.web.servlet.DispatcherServlet - Initializing Servlet 'dispatcherServlet'
09.19. 03.06.07 [http-nio-8080-exec-1] [INFO] o.s.web.servlet.DispatcherServlet - Completed initialization in 16 ms
09.19. 03.06.07 [http-nio-8080-exec-1] [DEBUG] o.s.security.web.FilterChainProxy - Securing OPTIONS /api/auth/login
09.19. 03.09.29 [File Watcher] [INFO] o.s.b.d.a.LocalDevToolsAutoConfiguration$RestartingClassPathChangeChangedEventListener - Restarting due to 1 class path change (0 additions, 0 deletions, 1 modification)
09.19. 03.09.29 [Thread-1] [INFO] o.s.b.w.e.tomcat.GracefulShutdown - Commencing graceful shutdown. Waiting for active requests to complete
09.19. 03.09.29 [tomcat-shutdown] [INFO] o.a.coyote.http11.Http11NioProtocol - Pausing ProtocolHandler ["http-nio-8080"]
09.19. 03.09.29 [tomcat-shutdown] [INFO] o.s.b.w.e.tomcat.GracefulShutdown - Graceful shutdown complete
09.19. 03.09.29 [Thread-1] [INFO] o.a.coyote.http11.Http11NioProtocol - Stopping ProtocolHandler ["http-nio-8080"]
09.19. 03.09.29 [Thread-1] [INFO] o.s.o.j.LocalContainerEntityManagerFactoryBean - Closing JPA EntityManagerFactory for persistence unit 'default'
09.19. 03.09.29 [Thread-1] [INFO] com.zaxxer.hikari.HikariDataSource - HikariPool-1 - Shutdown initiated...
09.19. 03.09.29 [Thread-1] [INFO] com.zaxxer.hikari.HikariDataSource - HikariPool-1 - Shutdown completed.
09.19. 03.09.29 [restartedMain] [INFO] c.e.BlogApplicationBackEndApplication - Starting BlogApplicationBackEndApplication using Java 25.0.4.1 with PID 12716 (D:\Source-Codes\Blog_Application_SourceCode\BlogApplication\Blog_Application_back-end\target\classes started by DELL in D:\Source-Codes\Blog_Application_SourceCode\BlogApplication\Blog_Application_back-end)
09.19. 03.09.29 [restartedMain] [INFO] c.e.BlogApplicationBackEndApplication - No active profile set, falling back to 1 default profile: "default"
09.19. 03.09.30 [restartedMain] [INFO] o.s.d.r.c.RepositoryConfigurationDelegate - Bootstrapping Spring Data JPA repositories in DEFAULT mode.
09.19. 03.09.30 [restartedMain] [INFO] o.s.d.r.c.RepositoryConfigurationDelegate - Finished Spring Data repository scanning in 81 ms. Found 4 JPA repository interfaces.
09.19. 03.09.30 [restartedMain] [INFO] c.e.BlogApplicationBackEndApplication - Starting BlogApplicationBackEndApplication using Java 25.0.4.1 on DESKTOP-ADUUNFN with PID 12220 (D:\Source-Codes\Blog_Application_SourceCode\BlogApplication\Blog_Application_back-end\target\classes started by DELL in D:\Source-Codes\Blog_Application_SourceCode\BlogApplication\Blog_Application_back-end)
09.19. 03.09.30 [restartedMain] [INFO] c.e.BlogApplicationBackEndApplication - No active profile set, falling back to 1 default profile: "default"
09.19. 03.09.30 [restartedMain] [WARN] o.s.b.w.s.c.AnnotationConfigServletWebServerApplicationContext - Exception encountered during context initialization - cancelling refresh attempt: org.springframework.beans.factory.BeanDefinitionStoreException: Failed to read candidate component class: file [D:\Source-Codes\Blog_Application_SourceCode\BlogApplication\Blog_Application_back-end\target\classes\com\example\BlogApplicationBackEndApplication.class]; nested exception is org.springframework.core.NestedIOException: ASM ClassReader failed to parse class file - probably due to a new Java class file version that isn't supported yet: file [D:\Source-Codes\Blog_Application_SourceCode\BlogApplication\Blog_Application_back-end\target\classes\com\example\BlogApplicationBackEndApplication.class]; nested exception is java.lang.IllegalArgumentException: Unsupported class file major version 69
09.19. 03.09.30 [restartedMain] [ERROR] o.s.boot.SpringApplication - Application run failed
org.springframework.beans.factory.BeanDefinitionStoreException: Failed to read candidate component class: file [D:\Source-Codes\Blog_Application_SourceCode\BlogApplication\Blog_Application_back-end\target\classes\com\example\BlogApplicationBackEndApplication.class]; nested exception is org.springframework.core.NestedIOException: ASM ClassReader failed to parse class file - probably due to a new Java class file version that isn't supported yet: file [D:\Source-Codes\Blog_Application_SourceCode\BlogApplication\Blog_Application_back-end\target\classes\com\example\BlogApplicationBackEndApplication.class]; nested exception is java.lang.IllegalArgumentException: Unsupported class file major version 69
	at org.springframework.context.annotation.ClassPathScanningCandidateComponentProvider.scanCandidateComponents(ClassPathScanningCandidateComponentProvider.java:457)
	at org.springframework.context.annotation.ClassPathScanningCandidateComponentProvider.findCandidateComponents(ClassPathScanningCandidateComponentProvider.java:316)
	at org.springframework.context.annotation.ClassPathBeanDefinitionScanner.doScan(ClassPathBeanDefinitionScanner.java:276)
	at org.springframework.context.annotation.ComponentScanAnnotationParser.parse(ComponentScanAnnotationParser.java:128)
	at org.springframework.context.annotation.ConfigurationClassParser.doProcessConfigurationClass(ConfigurationClassParser.java:295)
	at org.springframework.context.annotation.ConfigurationClassParser.processConfigurationClass(ConfigurationClassParser.java:249)
	at org.springframework.context.annotation.ConfigurationClassParser.parse(ConfigurationClassParser.java:206)
	at org.springframework.context.annotation.ConfigurationClassParser.parse(ConfigurationClassParser.java:174)
	at org.springframework.context.annotation.ConfigurationClassPostProcessor.processConfigBeanDefinitions(ConfigurationClassPostProcessor.java:331)
	at org.springframework.context.annotation.ConfigurationClassPostProcessor.postProcessBeanDefinitionRegistry(ConfigurationClassPostProcessor.java:247)
	at org.springframework.context.support.PostProcessorRegistrationDelegate.invokeBeanDefinitionRegistryPostProcessors(PostProcessorRegistrationDelegate.java:311)
	at org.springframework.context.support.PostProcessorRegistrationDelegate.invokeBeanFactoryPostProcessors(PostProcessorRegistrationDelegate.java:112)
	at org.springframework.context.support.AbstractApplicationContext.invokeBeanFactoryPostProcessors(AbstractApplicationContext.java:746)
	at org.springframework.context.support.AbstractApplicationContext.refresh(AbstractApplicationContext.java:564)
	at org.springframework.boot.web.servlet.context.ServletWebServerApplicationContext.refresh(ServletWebServerApplicationContext.java:147)
	at org.springframework.boot.SpringApplication.refresh(SpringApplication.java:731)
	at org.springframework.boot.SpringApplication.refreshContext(SpringApplication.java:408)
	at org.springframework.boot.SpringApplication.run(SpringApplication.java:307)
	at org.springframework.boot.SpringApplication.run(SpringApplication.java:1303)
	at org.springframework.boot.SpringApplication.run(SpringApplication.java:1292)
	at com.example.BlogApplicationBackEndApplication.main(BlogApplicationBackEndApplication.java:16)
	at java.base/jdk.internal.reflect.DirectMethodHandleAccessor.invoke(DirectMethodHandleAccessor.java:104)
	at java.base/java.lang.reflect.Method.invoke(Method.java:565)
	at org.springframework.boot.devtools.restart.RestartLauncher.run(RestartLauncher.java:49)
Caused by: org.springframework.core.NestedIOException: ASM ClassReader failed to parse class file - probably due to a new Java class file version that isn't supported yet: file [D:\Source-Codes\Blog_Application_SourceCode\BlogApplication\Blog_Application_back-end\target\classes\com\example\BlogApplicationBackEndApplication.class]; nested exception is java.lang.IllegalArgumentException: Unsupported class file major version 69
	at org.springframework.core.type.classreading.SimpleMetadataReader.getClassReader(SimpleMetadataReader.java:60)
	at org.springframework.core.type.classreading.SimpleMetadataReader.<init>(SimpleMetadataReader.java:48)
	at org.springframework.core.type.classreading.SimpleMetadataReaderFactory.getMetadataReader(SimpleMetadataReaderFactory.java:103)
	at org.springframework.core.type.classreading.CachingMetadataReaderFactory.getMetadataReader(CachingMetadataReaderFactory.java:123)
	at org.springframework.context.annotation.ClassPathScanningCandidateComponentProvider.scanCandidateComponents(ClassPathScanningCandidateComponentProvider.java:429)
	... 23 common frames omitted
Caused by: java.lang.IllegalArgumentException: Unsupported class file major version 69
	at org.springframework.asm.ClassReader.<init>(ClassReader.java:199)
	at org.springframework.asm.ClassReader.<init>(ClassReader.java:180)
	at org.springframework.asm.ClassReader.<init>(ClassReader.java:166)
	at org.springframework.asm.ClassReader.<init>(ClassReader.java:287)
	at org.springframework.core.type.classreading.SimpleMetadataReader.getClassReader(SimpleMetadataReader.java:57)
	... 27 common frames omitted
09.19. 03.09.30 [restartedMain] [INFO] o.s.b.w.e.tomcat.TomcatWebServer - Tomcat initialized with port 8080 (http)
09.19. 03.09.30 [restartedMain] [INFO] o.a.coyote.http11.Http11NioProtocol - Initializing ProtocolHandler ["http-nio-8080"]
09.19. 03.09.30 [restartedMain] [INFO] o.a.catalina.core.StandardService - Starting service [Tomcat]
09.19. 03.09.30 [restartedMain] [INFO] o.a.catalina.core.StandardEngine - Starting Servlet engine: [Apache Tomcat/10.1.46]
09.19. 03.09.30 [restartedMain] [INFO] o.a.c.c.C.[Tomcat].[localhost].[/] - Initializing Spring embedded WebApplicationContext
09.19. 03.09.30 [restartedMain] [INFO] o.s.b.w.s.c.ServletWebServerApplicationContext - Root WebApplicationContext: initialization completed in 909 ms
09.19. 03.09.30 [restartedMain] [INFO] o.h.jpa.internal.util.LogHelper - HHH000204: Processing PersistenceUnitInfo [name: default]
09.19. 03.09.30 [restartedMain] [INFO] o.h.c.i.RegionFactoryInitiator - HHH000026: Second-level cache disabled
09.19. 03.09.30 [restartedMain] [INFO] o.s.o.j.p.SpringPersistenceUnitInfo - No LoadTimeWeaver setup: ignoring JPA class transformer
09.19. 03.09.30 [restartedMain] [INFO] com.zaxxer.hikari.HikariDataSource - HikariPool-2 - Starting...
09.19. 03.09.30 [restartedMain] [INFO] com.zaxxer.hikari.pool.HikariPool - HikariPool-2 - Added connection com.mysql.cj.jdbc.ConnectionImpl@340f6582
09.19. 03.09.30 [restartedMain] [INFO] com.zaxxer.hikari.HikariDataSource - HikariPool-2 - Start completed.
09.19. 03.09.30 [restartedMain] [WARN] org.hibernate.orm.deprecation - HHH90000025: MySQL8Dialect does not need to be specified explicitly using 'hibernate.dialect' (remove the property setting and it will be selected by default)
09.19. 03.09.30 [restartedMain] [WARN] org.hibernate.orm.deprecation - HHH90000026: MySQL8Dialect has been deprecated; use org.hibernate.dialect.MySQLDialect instead
09.19. 03.09.30 [restartedMain] [INFO] o.hibernate.orm.connections.pooling - HHH10001005: Database info:
	Database JDBC URL [Connecting through datasource 'HikariDataSource (HikariPool-2)']
	Database driver: undefined/unknown
	Database version: 8.0
	Autocommit mode: undefined/unknown
	Isolation level: undefined/unknown
	Minimum pool size: undefined/unknown
	Maximum pool size: undefined/unknown
09.19. 03.09.31 [restartedMain] [INFO] o.h.e.t.j.p.i.JtaPlatformInitiator - HHH000489: No JTA platform available (set 'hibernate.transaction.jta.platform' to enable JTA platform integration)
09.19. 03.09.31 [restartedMain] [INFO] o.s.o.j.LocalContainerEntityManagerFactoryBean - Initialized JPA EntityManagerFactory for persistence unit 'default'
09.19. 03.09.31 [restartedMain] [INFO] o.s.s.c.a.a.c.InitializeUserDetailsBeanManagerConfigurer$InitializeUserDetailsManagerConfigurer - Global AuthenticationManager configured with UserDetailsService bean with name customUserDetailsService
09.19. 03.09.31 [restartedMain] [WARN] o.s.b.a.o.j.JpaBaseConfiguration$JpaWebConfiguration - spring.jpa.open-in-view is enabled by default. Therefore, database queries may be performed during view rendering. Explicitly configure spring.jpa.open-in-view to disable this warning
09.19. 03.09.32 [restartedMain] [DEBUG] o.s.s.web.DefaultSecurityFilterChain - Will secure any request with filters: DisableEncodeUrlFilter, WebAsyncManagerIntegrationFilter, SecurityContextHolderFilter, HeaderWriterFilter, CorsFilter, LogoutFilter, JwtAuthenticationFilter, RequestCacheAwareFilter, SecurityContextHolderAwareRequestFilter, AnonymousAuthenticationFilter, SessionManagementFilter, ExceptionTranslationFilter, AuthorizationFilter
09.19. 03.09.32 [restartedMain] [INFO] o.s.b.a.h.H2ConsoleAutoConfiguration - H2 console available at '/h2-console'. Database available at 'jdbc:mysql://localhost:3306/db_blog_application'
09.19. 03.09.32 [restartedMain] [WARN] o.s.b.d.a.OptionalLiveReloadServer - Unable to start LiveReload server
09.19. 03.09.32 [restartedMain] [INFO] o.a.coyote.http11.Http11NioProtocol - Starting ProtocolHandler ["http-nio-8080"]
09.19. 03.09.32 [restartedMain] [INFO] o.s.b.w.e.tomcat.TomcatWebServer - Tomcat started on port 8080 (http) with context path '/'
09.19. 03.09.32 [restartedMain] [INFO] c.e.BlogApplicationBackEndApplication - Started BlogApplicationBackEndApplication in 2.431 seconds (process running for 334.158)
09.19. 03.09.32 [restartedMain] [INFO] o.s.b.d.a.ConditionEvaluationDeltaLoggingListener - Condition evaluation unchanged
09.19. 06.33.24 [HikariPool-2:housekeeper] [WARN] com.zaxxer.hikari.pool.HikariPool - HikariPool-2 - Thread starvation or clock leap detected (housekeeper delta=3h19m23s740ms39µs).
09.19. 06.33.39 [SpringApplicationShutdownHook] [INFO] o.s.b.w.e.tomcat.GracefulShutdown - Commencing graceful shutdown. Waiting for active requests to complete
09.19. 06.33.39 [tomcat-shutdown] [INFO] o.s.b.w.e.tomcat.GracefulShutdown - Graceful shutdown complete
09.19. 06.33.39 [SpringApplicationShutdownHook] [INFO] o.s.o.j.LocalContainerEntityManagerFactoryBean - Closing JPA EntityManagerFactory for persistence unit 'default'
09.19. 06.33.39 [SpringApplicationShutdownHook] [INFO] com.zaxxer.hikari.HikariDataSource - HikariPool-2 - Shutdown initiated...
09.19. 06.33.39 [SpringApplicationShutdownHook] [INFO] com.zaxxer.hikari.HikariDataSource - HikariPool-2 - Shutdown completed.
09.19. 06.33.52 [background-preinit] [INFO] o.h.validator.internal.util.Version - HV000001: Hibernate Validator 8.0.3.Final
09.19. 06.33.53 [restartedMain] [INFO] c.e.BlogApplicationBackEndApplication - Starting BlogApplicationBackEndApplication using Java 25.0.4.1 with PID 1076 (D:\Source-Codes\Blog_Application_SourceCode\BlogApplication\Blog_Application_back-end\target\classes started by DELL in D:\Source-Codes\Blog_Application_SourceCode\BlogApplication\Blog_Application_back-end)
09.19. 06.33.53 [restartedMain] [INFO] c.e.BlogApplicationBackEndApplication - No active profile set, falling back to 1 default profile: "default"
09.19. 06.33.53 [restartedMain] [INFO] o.s.b.d.e.DevToolsPropertyDefaultsPostProcessor - Devtools property defaults active! Set 'spring.devtools.add-properties' to 'false' to disable
09.19. 06.33.53 [restartedMain] [INFO] o.s.b.d.e.DevToolsPropertyDefaultsPostProcessor - For additional web related logging consider setting the 'logging.level.web' property to 'DEBUG'
09.19. 06.33.53 [restartedMain] [INFO] o.s.d.r.c.RepositoryConfigurationDelegate - Bootstrapping Spring Data JPA repositories in DEFAULT mode.
09.19. 06.33.53 [restartedMain] [INFO] o.s.d.r.c.RepositoryConfigurationDelegate - Finished Spring Data repository scanning in 102 ms. Found 4 JPA repository interfaces.
09.19. 06.33.54 [restartedMain] [INFO] o.s.b.w.e.tomcat.TomcatWebServer - Tomcat initialized with port 8080 (http)
09.19. 06.33.54 [restartedMain] [INFO] o.a.coyote.http11.Http11NioProtocol - Initializing ProtocolHandler ["http-nio-8080"]
09.19. 06.33.54 [restartedMain] [INFO] o.a.catalina.core.StandardService - Starting service [Tomcat]
09.19. 06.33.54 [restartedMain] [INFO] o.a.catalina.core.StandardEngine - Starting Servlet engine: [Apache Tomcat/10.1.46]
09.19. 06.33.54 [restartedMain] [INFO] o.a.c.c.C.[Tomcat].[localhost].[/] - Initializing Spring embedded WebApplicationContext
09.19. 06.33.54 [restartedMain] [INFO] o.s.b.w.s.c.ServletWebServerApplicationContext - Root WebApplicationContext: initialization completed in 1266 ms
09.19. 06.33.54 [restartedMain] [INFO] o.h.jpa.internal.util.LogHelper - HHH000204: Processing PersistenceUnitInfo [name: default]
09.19. 06.33.54 [restartedMain] [INFO] org.hibernate.Version - HHH000412: Hibernate ORM core version 6.6.29.Final
09.19. 06.33.54 [restartedMain] [INFO] o.h.c.i.RegionFactoryInitiator - HHH000026: Second-level cache disabled
09.19. 06.33.54 [restartedMain] [INFO] o.s.o.j.p.SpringPersistenceUnitInfo - No LoadTimeWeaver setup: ignoring JPA class transformer
09.19. 06.33.54 [restartedMain] [INFO] com.zaxxer.hikari.HikariDataSource - HikariPool-1 - Starting...
09.19. 06.33.54 [restartedMain] [INFO] com.zaxxer.hikari.pool.HikariPool - HikariPool-1 - Added connection com.mysql.cj.jdbc.ConnectionImpl@6bf5e4f5
09.19. 06.33.54 [restartedMain] [INFO] com.zaxxer.hikari.HikariDataSource - HikariPool-1 - Start completed.
09.19. 06.33.55 [restartedMain] [WARN] org.hibernate.orm.deprecation - HHH90000025: MySQL8Dialect does not need to be specified explicitly using 'hibernate.dialect' (remove the property setting and it will be selected by default)
09.19. 06.33.55 [restartedMain] [WARN] org.hibernate.orm.deprecation - HHH90000026: MySQL8Dialect has been deprecated; use org.hibernate.dialect.MySQLDialect instead
09.19. 06.33.55 [restartedMain] [INFO] o.hibernate.orm.connections.pooling - HHH10001005: Database info:
	Database JDBC URL [Connecting through datasource 'HikariDataSource (HikariPool-1)']
	Database driver: undefined/unknown
	Database version: 8.0
	Autocommit mode: undefined/unknown
	Isolation level: undefined/unknown
	Minimum pool size: undefined/unknown
	Maximum pool size: undefined/unknown
09.19. 06.33.55 [restartedMain] [INFO] o.h.e.t.j.p.i.JtaPlatformInitiator - HHH000489: No JTA platform available (set 'hibernate.transaction.jta.platform' to enable JTA platform integration)
09.19. 06.33.55 [restartedMain] [INFO] o.s.o.j.LocalContainerEntityManagerFactoryBean - Initialized JPA EntityManagerFactory for persistence unit 'default'
09.19. 06.33.56 [restartedMain] [INFO] o.s.s.c.a.a.c.InitializeUserDetailsBeanManagerConfigurer$InitializeUserDetailsManagerConfigurer - Global AuthenticationManager configured with UserDetailsService bean with name customUserDetailsService
09.19. 06.33.56 [restartedMain] [WARN] o.s.b.a.o.j.JpaBaseConfiguration$JpaWebConfiguration - spring.jpa.open-in-view is enabled by default. Therefore, database queries may be performed during view rendering. Explicitly configure spring.jpa.open-in-view to disable this warning
09.19. 06.33.56 [restartedMain] [DEBUG] o.s.s.web.DefaultSecurityFilterChain - Will secure any request with filters: DisableEncodeUrlFilter, WebAsyncManagerIntegrationFilter, SecurityContextHolderFilter, HeaderWriterFilter, CorsFilter, LogoutFilter, JwtAuthenticationFilter, RequestCacheAwareFilter, SecurityContextHolderAwareRequestFilter, AnonymousAuthenticationFilter, SessionManagementFilter, ExceptionTranslationFilter, AuthorizationFilter
09.19. 06.33.56 [restartedMain] [INFO] o.s.b.a.h.H2ConsoleAutoConfiguration - H2 console available at '/h2-console'. Database available at 'jdbc:mysql://localhost:3306/db_blog_application'
09.19. 06.33.56 [restartedMain] [WARN] o.s.b.d.a.OptionalLiveReloadServer - Unable to start LiveReload server
09.19. 06.33.56 [restartedMain] [INFO] o.a.coyote.http11.Http11NioProtocol - Starting ProtocolHandler ["http-nio-8080"]
09.19. 06.33.56 [restartedMain] [INFO] o.s.b.w.e.tomcat.TomcatWebServer - Tomcat started on port 8080 (http) with context path '/'
09.19. 06.33.56 [restartedMain] [INFO] c.e.BlogApplicationBackEndApplication - Started BlogApplicationBackEndApplication in 3.981 seconds (process running for 4.513)
09.19. 06.35.23 [http-nio-8080-exec-3] [INFO] o.a.c.c.C.[Tomcat].[localhost].[/] - Initializing Spring DispatcherServlet 'dispatcherServlet'
09.19. 06.35.23 [http-nio-8080-exec-3] [INFO] o.s.web.servlet.DispatcherServlet - Initializing Servlet 'dispatcherServlet'
09.19. 06.35.23 [http-nio-8080-exec-3] [INFO] o.s.web.servlet.DispatcherServlet - Completed initialization in 0 ms
09.19. 06.35.23 [http-nio-8080-exec-3] [DEBUG] o.s.security.web.FilterChainProxy - Securing OPTIONS /api/auth/login
09.19. 06.35.23 [http-nio-8080-exec-2] [DEBUG] o.s.security.web.FilterChainProxy - Securing POST /api/auth/login
09.19. 06.35.23 [http-nio-8080-exec-2] [DEBUG] o.s.s.w.a.AnonymousAuthenticationFilter - Set SecurityContextHolder to anonymous SecurityContext
09.19. 06.35.23 [http-nio-8080-exec-2] [DEBUG] o.s.security.web.FilterChainProxy - Secured POST /api/auth/login
09.19. 06.35.24 [http-nio-8080-exec-2] [WARN] o.s.s.c.bcrypt.BCryptPasswordEncoder - Encoded password does not look like BCrypt
09.19. 06.35.24 [http-nio-8080-exec-2] [DEBUG] o.s.s.a.d.DaoAuthenticationProvider - Failed to authenticate since password does not match stored value
09.19. 06.35.24 [http-nio-8080-exec-2] [DEBUG] o.s.s.authentication.ProviderManager - Authentication failed with provider DaoAuthenticationProvider since Bad credentials
09.19. 06.35.24 [http-nio-8080-exec-2] [WARN] o.s.w.s.m.m.a.ExceptionHandlerExceptionResolver - Resolved [org.springframework.security.authentication.BadCredentialsException: Invalid username or password]
09.19. 06.35.56 [http-nio-8080-exec-1] [DEBUG] o.s.security.web.FilterChainProxy - Securing OPTIONS /api/auth/login
09.19. 06.35.56 [http-nio-8080-exec-4] [DEBUG] o.s.security.web.FilterChainProxy - Securing POST /api/auth/login
09.19. 06.35.56 [http-nio-8080-exec-4] [DEBUG] o.s.s.w.a.AnonymousAuthenticationFilter - Set SecurityContextHolder to anonymous SecurityContext
09.19. 06.35.56 [http-nio-8080-exec-4] [DEBUG] o.s.security.web.FilterChainProxy - Secured POST /api/auth/login
09.19. 06.35.56 [http-nio-8080-exec-4] [WARN] o.s.s.c.bcrypt.BCryptPasswordEncoder - Encoded password does not look like BCrypt
09.19. 06.35.56 [http-nio-8080-exec-4] [DEBUG] o.s.s.a.d.DaoAuthenticationProvider - Failed to authenticate since password does not match stored value
09.19. 06.35.56 [http-nio-8080-exec-4] [DEBUG] o.s.s.authentication.ProviderManager - Authentication failed with provider DaoAuthenticationProvider since Bad credentials
09.19. 06.35.56 [http-nio-8080-exec-4] [WARN] o.s.w.s.m.m.a.ExceptionHandlerExceptionResolver - Resolved [org.springframework.security.authentication.BadCredentialsException: Invalid username or password]
09.19. 06.36.00 [http-nio-8080-exec-9] [DEBUG] o.s.security.web.FilterChainProxy - Securing POST /api/auth/login
09.19. 06.36.00 [http-nio-8080-exec-9] [DEBUG] o.s.s.w.a.AnonymousAuthenticationFilter - Set SecurityContextHolder to anonymous SecurityContext
09.19. 06.36.00 [http-nio-8080-exec-9] [DEBUG] o.s.security.web.FilterChainProxy - Secured POST /api/auth/login
09.19. 06.36.00 [http-nio-8080-exec-9] [WARN] o.s.s.c.bcrypt.BCryptPasswordEncoder - Encoded password does not look like BCrypt
09.19. 06.36.00 [http-nio-8080-exec-9] [DEBUG] o.s.s.a.d.DaoAuthenticationProvider - Failed to authenticate since password does not match stored value
09.19. 06.36.00 [http-nio-8080-exec-9] [DEBUG] o.s.s.authentication.ProviderManager - Authentication failed with provider DaoAuthenticationProvider since Bad credentials
09.19. 06.36.00 [http-nio-8080-exec-9] [WARN] o.s.w.s.m.m.a.ExceptionHandlerExceptionResolver - Resolved [org.springframework.security.authentication.BadCredentialsException: Invalid username or password]
09.19. 06.36.35 [http-nio-8080-exec-6] [DEBUG] o.s.security.web.FilterChainProxy - Securing OPTIONS /api/auth/login
09.19. 06.36.35 [http-nio-8080-exec-7] [DEBUG] o.s.security.web.FilterChainProxy - Securing POST /api/auth/login
09.19. 06.36.35 [http-nio-8080-exec-7] [DEBUG] o.s.s.w.a.AnonymousAuthenticationFilter - Set SecurityContextHolder to anonymous SecurityContext
09.19. 06.36.35 [http-nio-8080-exec-7] [DEBUG] o.s.security.web.FilterChainProxy - Secured POST /api/auth/login
09.19. 06.36.35 [http-nio-8080-exec-7] [WARN] o.s.s.c.bcrypt.BCryptPasswordEncoder - Encoded password does not look like BCrypt
09.19. 06.36.35 [http-nio-8080-exec-7] [DEBUG] o.s.s.a.d.DaoAuthenticationProvider - Failed to authenticate since password does not match stored value
09.19. 06.36.35 [http-nio-8080-exec-7] [DEBUG] o.s.s.authentication.ProviderManager - Authentication failed with provider DaoAuthenticationProvider since Bad credentials
09.19. 06.36.35 [http-nio-8080-exec-7] [WARN] o.s.w.s.m.m.a.ExceptionHandlerExceptionResolver - Resolved [org.springframework.security.authentication.BadCredentialsException: Invalid username or password]
09.19. 06.37.40 [http-nio-8080-exec-8] [DEBUG] o.s.security.web.FilterChainProxy - Securing OPTIONS /api/auth/login
09.19. 06.37.40 [http-nio-8080-exec-10] [DEBUG] o.s.security.web.FilterChainProxy - Securing POST /api/auth/login
09.19. 06.37.40 [http-nio-8080-exec-10] [DEBUG] o.s.s.w.a.AnonymousAuthenticationFilter - Set SecurityContextHolder to anonymous SecurityContext
09.19. 06.37.40 [http-nio-8080-exec-10] [DEBUG] o.s.security.web.FilterChainProxy - Secured POST /api/auth/login
09.19. 06.37.40 [http-nio-8080-exec-10] [WARN] o.s.s.c.bcrypt.BCryptPasswordEncoder - Encoded password does not look like BCrypt
09.19. 06.37.40 [http-nio-8080-exec-10] [DEBUG] o.s.s.a.d.DaoAuthenticationProvider - Failed to authenticate since password does not match stored value
09.19. 06.37.40 [http-nio-8080-exec-10] [DEBUG] o.s.s.authentication.ProviderManager - Authentication failed with provider DaoAuthenticationProvider since Bad credentials
09.19. 06.37.40 [http-nio-8080-exec-10] [WARN] o.s.w.s.m.m.a.ExceptionHandlerExceptionResolver - Resolved [org.springframework.security.authentication.BadCredentialsException: Invalid username or password]
09.19. 06.37.41 [http-nio-8080-exec-3] [DEBUG] o.s.security.web.FilterChainProxy - Securing POST /api/auth/login
09.19. 06.37.41 [http-nio-8080-exec-3] [DEBUG] o.s.s.w.a.AnonymousAuthenticationFilter - Set SecurityContextHolder to anonymous SecurityContext
09.19. 06.37.41 [http-nio-8080-exec-3] [DEBUG] o.s.security.web.FilterChainProxy - Secured POST /api/auth/login
09.19. 06.37.41 [http-nio-8080-exec-3] [WARN] o.s.s.c.bcrypt.BCryptPasswordEncoder - Encoded password does not look like BCrypt
09.19. 06.37.41 [http-nio-8080-exec-3] [DEBUG] o.s.s.a.d.DaoAuthenticationProvider - Failed to authenticate since password does not match stored value
09.19. 06.37.41 [http-nio-8080-exec-3] [DEBUG] o.s.s.authentication.ProviderManager - Authentication failed with provider DaoAuthenticationProvider since Bad credentials
09.19. 06.37.41 [http-nio-8080-exec-3] [WARN] o.s.w.s.m.m.a.ExceptionHandlerExceptionResolver - Resolved [org.springframework.security.authentication.BadCredentialsException: Invalid username or password]
09.19. 06.37.49 [http-nio-8080-exec-2] [DEBUG] o.s.security.web.FilterChainProxy - Securing OPTIONS /api/auth/login
09.19. 06.37.49 [http-nio-8080-exec-1] [DEBUG] o.s.security.web.FilterChainProxy - Securing POST /api/auth/login
09.19. 06.37.49 [http-nio-8080-exec-1] [DEBUG] o.s.s.w.a.AnonymousAuthenticationFilter - Set SecurityContextHolder to anonymous SecurityContext
09.19. 06.37.49 [http-nio-8080-exec-1] [DEBUG] o.s.security.web.FilterChainProxy - Secured POST /api/auth/login
09.19. 06.37.49 [http-nio-8080-exec-1] [WARN] o.s.s.c.bcrypt.BCryptPasswordEncoder - Encoded password does not look like BCrypt
09.19. 06.37.49 [http-nio-8080-exec-1] [DEBUG] o.s.s.a.d.DaoAuthenticationProvider - Failed to authenticate since password does not match stored value
09.19. 06.37.49 [http-nio-8080-exec-1] [DEBUG] o.s.s.authentication.ProviderManager - Authentication failed with provider DaoAuthenticationProvider since Bad credentials
09.19. 06.37.49 [http-nio-8080-exec-1] [WARN] o.s.w.s.m.m.a.ExceptionHandlerExceptionResolver - Resolved [org.springframework.security.authentication.BadCredentialsException: Invalid username or password]
09.19. 06.38.15 [http-nio-8080-exec-4] [DEBUG] o.s.security.web.FilterChainProxy - Securing OPTIONS /api/auth/login
09.19. 06.38.15 [http-nio-8080-exec-9] [DEBUG] o.s.security.web.FilterChainProxy - Securing POST /api/auth/login
09.19. 06.38.15 [http-nio-8080-exec-9] [DEBUG] o.s.s.w.a.AnonymousAuthenticationFilter - Set SecurityContextHolder to anonymous SecurityContext
09.19. 06.38.15 [http-nio-8080-exec-9] [DEBUG] o.s.security.web.FilterChainProxy - Secured POST /api/auth/login
09.19. 06.38.15 [http-nio-8080-exec-9] [WARN] o.s.s.c.bcrypt.BCryptPasswordEncoder - Encoded password does not look like BCrypt
09.19. 06.38.15 [http-nio-8080-exec-9] [DEBUG] o.s.s.a.d.DaoAuthenticationProvider - Failed to authenticate since password does not match stored value
09.19. 06.38.15 [http-nio-8080-exec-9] [DEBUG] o.s.s.authentication.ProviderManager - Authentication failed with provider DaoAuthenticationProvider since Bad credentials
09.19. 06.38.15 [http-nio-8080-exec-9] [WARN] o.s.w.s.m.m.a.ExceptionHandlerExceptionResolver - Resolved [org.springframework.security.authentication.BadCredentialsException: Invalid username or password]
09.19. 06.50.54 [restartedMain] [INFO] c.e.BlogApplicationBackEndApplication - Starting BlogApplicationBackEndApplication using Java 25.0.4.1 on DESKTOP-ADUUNFN with PID 12220 (D:\Source-Codes\Blog_Application_SourceCode\BlogApplication\Blog_Application_back-end\target\classes started by DELL in D:\Source-Codes\Blog_Application_SourceCode\BlogApplication\Blog_Application_back-end)
09.19. 06.50.54 [restartedMain] [INFO] c.e.BlogApplicationBackEndApplication - No active profile set, falling back to 1 default profile: "default"
09.19. 06.50.54 [restartedMain] [WARN] o.s.b.w.s.c.AnnotationConfigServletWebServerApplicationContext - Exception encountered during context initialization - cancelling refresh attempt: org.springframework.beans.factory.BeanDefinitionStoreException: Failed to read candidate component class: file [D:\Source-Codes\Blog_Application_SourceCode\BlogApplication\Blog_Application_back-end\target\classes\com\example\BlogApplicationBackEndApplication.class]; nested exception is org.springframework.core.NestedIOException: ASM ClassReader failed to parse class file - probably due to a new Java class file version that isn't supported yet: file [D:\Source-Codes\Blog_Application_SourceCode\BlogApplication\Blog_Application_back-end\target\classes\com\example\BlogApplicationBackEndApplication.class]; nested exception is java.lang.IllegalArgumentException: Unsupported class file major version 69
09.19. 06.50.55 [restartedMain] [ERROR] o.s.boot.SpringApplication - Application run failed
org.springframework.beans.factory.BeanDefinitionStoreException: Failed to read candidate component class: file [D:\Source-Codes\Blog_Application_SourceCode\BlogApplication\Blog_Application_back-end\target\classes\com\example\BlogApplicationBackEndApplication.class]; nested exception is org.springframework.core.NestedIOException: ASM ClassReader failed to parse class file - probably due to a new Java class file version that isn't supported yet: file [D:\Source-Codes\Blog_Application_SourceCode\BlogApplication\Blog_Application_back-end\target\classes\com\example\BlogApplicationBackEndApplication.class]; nested exception is java.lang.IllegalArgumentException: Unsupported class file major version 69
	at org.springframework.context.annotation.ClassPathScanningCandidateComponentProvider.scanCandidateComponents(ClassPathScanningCandidateComponentProvider.java:457)
	at org.springframework.context.annotation.ClassPathScanningCandidateComponentProvider.findCandidateComponents(ClassPathScanningCandidateComponentProvider.java:316)
	at org.springframework.context.annotation.ClassPathBeanDefinitionScanner.doScan(ClassPathBeanDefinitionScanner.java:276)
	at org.springframework.context.annotation.ComponentScanAnnotationParser.parse(ComponentScanAnnotationParser.java:128)
	at org.springframework.context.annotation.ConfigurationClassParser.doProcessConfigurationClass(ConfigurationClassParser.java:295)
	at org.springframework.context.annotation.ConfigurationClassParser.processConfigurationClass(ConfigurationClassParser.java:249)
	at org.springframework.context.annotation.ConfigurationClassParser.parse(ConfigurationClassParser.java:206)
	at org.springframework.context.annotation.ConfigurationClassParser.parse(ConfigurationClassParser.java:174)
	at org.springframework.context.annotation.ConfigurationClassPostProcessor.processConfigBeanDefinitions(ConfigurationClassPostProcessor.java:331)
	at org.springframework.context.annotation.ConfigurationClassPostProcessor.postProcessBeanDefinitionRegistry(ConfigurationClassPostProcessor.java:247)
	at org.springframework.context.support.PostProcessorRegistrationDelegate.invokeBeanDefinitionRegistryPostProcessors(PostProcessorRegistrationDelegate.java:311)
	at org.springframework.context.support.PostProcessorRegistrationDelegate.invokeBeanFactoryPostProcessors(PostProcessorRegistrationDelegate.java:112)
	at org.springframework.context.support.AbstractApplicationContext.invokeBeanFactoryPostProcessors(AbstractApplicationContext.java:746)
	at org.springframework.context.support.AbstractApplicationContext.refresh(AbstractApplicationContext.java:564)
	at org.springframework.boot.web.servlet.context.ServletWebServerApplicationContext.refresh(ServletWebServerApplicationContext.java:147)
	at org.springframework.boot.SpringApplication.refresh(SpringApplication.java:731)
	at org.springframework.boot.SpringApplication.refreshContext(SpringApplication.java:408)
	at org.springframework.boot.SpringApplication.run(SpringApplication.java:307)
	at org.springframework.boot.SpringApplication.run(SpringApplication.java:1303)
	at org.springframework.boot.SpringApplication.run(SpringApplication.java:1292)
	at com.example.BlogApplicationBackEndApplication.main(BlogApplicationBackEndApplication.java:16)
	at java.base/jdk.internal.reflect.DirectMethodHandleAccessor.invoke(DirectMethodHandleAccessor.java:104)
	at java.base/java.lang.reflect.Method.invoke(Method.java:565)
	at org.springframework.boot.devtools.restart.RestartLauncher.run(RestartLauncher.java:49)
Caused by: org.springframework.core.NestedIOException: ASM ClassReader failed to parse class file - probably due to a new Java class file version that isn't supported yet: file [D:\Source-Codes\Blog_Application_SourceCode\BlogApplication\Blog_Application_back-end\target\classes\com\example\BlogApplicationBackEndApplication.class]; nested exception is java.lang.IllegalArgumentException: Unsupported class file major version 69
	at org.springframework.core.type.classreading.SimpleMetadataReader.getClassReader(SimpleMetadataReader.java:60)
	at org.springframework.core.type.classreading.SimpleMetadataReader.<init>(SimpleMetadataReader.java:48)
	at org.springframework.core.type.classreading.SimpleMetadataReaderFactory.getMetadataReader(SimpleMetadataReaderFactory.java:103)
	at org.springframework.core.type.classreading.CachingMetadataReaderFactory.getMetadataReader(CachingMetadataReaderFactory.java:123)
	at org.springframework.context.annotation.ClassPathScanningCandidateComponentProvider.scanCandidateComponents(ClassPathScanningCandidateComponentProvider.java:429)
	... 23 common frames omitted
Caused by: java.lang.IllegalArgumentException: Unsupported class file major version 69
	at org.springframework.asm.ClassReader.<init>(ClassReader.java:199)
	at org.springframework.asm.ClassReader.<init>(ClassReader.java:180)
	at org.springframework.asm.ClassReader.<init>(ClassReader.java:166)
	at org.springframework.asm.ClassReader.<init>(ClassReader.java:287)
	at org.springframework.core.type.classreading.SimpleMetadataReader.getClassReader(SimpleMetadataReader.java:57)
	... 27 common frames omitted
09.19. 06.50.55 [File Watcher] [INFO] o.s.b.d.a.LocalDevToolsAutoConfiguration$RestartingClassPathChangeChangedEventListener - Restarting due to 1 class path change (0 additions, 0 deletions, 1 modification)
09.19. 06.50.55 [Thread-1] [INFO] o.s.b.w.e.tomcat.GracefulShutdown - Commencing graceful shutdown. Waiting for active requests to complete
09.19. 06.50.55 [tomcat-shutdown] [INFO] o.a.coyote.http11.Http11NioProtocol - Pausing ProtocolHandler ["http-nio-8080"]
09.19. 06.50.55 [tomcat-shutdown] [INFO] o.s.b.w.e.tomcat.GracefulShutdown - Graceful shutdown complete
09.19. 06.50.55 [Thread-1] [INFO] o.a.coyote.http11.Http11NioProtocol - Stopping ProtocolHandler ["http-nio-8080"]
09.19. 06.50.55 [Thread-1] [INFO] o.s.o.j.LocalContainerEntityManagerFactoryBean - Closing JPA EntityManagerFactory for persistence unit 'default'
09.19. 06.50.55 [Thread-1] [INFO] com.zaxxer.hikari.HikariDataSource - HikariPool-1 - Shutdown initiated...
09.19. 06.50.55 [Thread-1] [INFO] com.zaxxer.hikari.HikariDataSource - HikariPool-1 - Shutdown completed.
09.19. 06.50.55 [restartedMain] [INFO] c.e.BlogApplicationBackEndApplication - Starting BlogApplicationBackEndApplication using Java 25.0.4.1 with PID 1076 (D:\Source-Codes\Blog_Application_SourceCode\BlogApplication\Blog_Application_back-end\target\classes started by DELL in D:\Source-Codes\Blog_Application_SourceCode\BlogApplication\Blog_Application_back-end)
09.19. 06.50.55 [restartedMain] [INFO] c.e.BlogApplicationBackEndApplication - No active profile set, falling back to 1 default profile: "default"
09.19. 06.50.55 [restartedMain] [INFO] o.s.d.r.c.RepositoryConfigurationDelegate - Bootstrapping Spring Data JPA repositories in DEFAULT mode.
09.19. 06.50.55 [restartedMain] [INFO] o.s.d.r.c.RepositoryConfigurationDelegate - Finished Spring Data repository scanning in 61 ms. Found 4 JPA repository interfaces.
09.19. 06.50.56 [restartedMain] [INFO] o.s.b.w.e.tomcat.TomcatWebServer - Tomcat initialized with port 8080 (http)
09.19. 06.50.56 [restartedMain] [INFO] o.a.coyote.http11.Http11NioProtocol - Initializing ProtocolHandler ["http-nio-8080"]
09.19. 06.50.56 [restartedMain] [INFO] o.a.catalina.core.StandardService - Starting service [Tomcat]
09.19. 06.50.56 [restartedMain] [INFO] o.a.catalina.core.StandardEngine - Starting Servlet engine: [Apache Tomcat/10.1.46]
09.19. 06.50.56 [restartedMain] [INFO] o.a.c.c.C.[Tomcat].[localhost].[/] - Initializing Spring embedded WebApplicationContext
09.19. 06.50.56 [restartedMain] [INFO] o.s.b.w.s.c.ServletWebServerApplicationContext - Root WebApplicationContext: initialization completed in 1021 ms
09.19. 06.50.56 [restartedMain] [INFO] o.h.jpa.internal.util.LogHelper - HHH000204: Processing PersistenceUnitInfo [name: default]
09.19. 06.50.56 [restartedMain] [INFO] o.h.c.i.RegionFactoryInitiator - HHH000026: Second-level cache disabled
09.19. 06.50.56 [restartedMain] [INFO] o.s.o.j.p.SpringPersistenceUnitInfo - No LoadTimeWeaver setup: ignoring JPA class transformer
09.19. 06.50.56 [restartedMain] [INFO] com.zaxxer.hikari.HikariDataSource - HikariPool-2 - Starting...
09.19. 06.50.56 [restartedMain] [INFO] com.zaxxer.hikari.pool.HikariPool - HikariPool-2 - Added connection com.mysql.cj.jdbc.ConnectionImpl@7d05f980
09.19. 06.50.56 [restartedMain] [INFO] com.zaxxer.hikari.HikariDataSource - HikariPool-2 - Start completed.
09.19. 06.50.56 [restartedMain] [WARN] org.hibernate.orm.deprecation - HHH90000025: MySQL8Dialect does not need to be specified explicitly using 'hibernate.dialect' (remove the property setting and it will be selected by default)
09.19. 06.50.56 [restartedMain] [WARN] org.hibernate.orm.deprecation - HHH90000026: MySQL8Dialect has been deprecated; use org.hibernate.dialect.MySQLDialect instead
09.19. 06.50.56 [restartedMain] [INFO] o.hibernate.orm.connections.pooling - HHH10001005: Database info:
	Database JDBC URL [Connecting through datasource 'HikariDataSource (HikariPool-2)']
	Database driver: undefined/unknown
	Database version: 8.0
	Autocommit mode: undefined/unknown
	Isolation level: undefined/unknown
	Minimum pool size: undefined/unknown
	Maximum pool size: undefined/unknown
09.19. 06.50.56 [restartedMain] [INFO] o.h.e.t.j.p.i.JtaPlatformInitiator - HHH000489: No JTA platform available (set 'hibernate.transaction.jta.platform' to enable JTA platform integration)
09.19. 06.50.56 [restartedMain] [INFO] o.s.o.j.LocalContainerEntityManagerFactoryBean - Initialized JPA EntityManagerFactory for persistence unit 'default'
09.19. 06.50.57 [restartedMain] [INFO] o.s.s.c.a.a.c.InitializeUserDetailsBeanManagerConfigurer$InitializeUserDetailsManagerConfigurer - Global AuthenticationManager configured with UserDetailsService bean with name customUserDetailsService
09.19. 06.50.57 [restartedMain] [WARN] o.s.b.a.o.j.JpaBaseConfiguration$JpaWebConfiguration - spring.jpa.open-in-view is enabled by default. Therefore, database queries may be performed during view rendering. Explicitly configure spring.jpa.open-in-view to disable this warning
09.19. 06.50.57 [restartedMain] [DEBUG] o.s.s.web.DefaultSecurityFilterChain - Will secure any request with filters: DisableEncodeUrlFilter, WebAsyncManagerIntegrationFilter, SecurityContextHolderFilter, HeaderWriterFilter, CorsFilter, LogoutFilter, JwtAuthenticationFilter, RequestCacheAwareFilter, SecurityContextHolderAwareRequestFilter, AnonymousAuthenticationFilter, SessionManagementFilter, ExceptionTranslationFilter, AuthorizationFilter
09.19. 06.50.57 [restartedMain] [INFO] o.s.b.a.h.H2ConsoleAutoConfiguration - H2 console available at '/h2-console'. Database available at 'jdbc:mysql://localhost:3306/db_blog_application'
09.19. 06.50.57 [restartedMain] [WARN] o.s.b.d.a.OptionalLiveReloadServer - Unable to start LiveReload server
09.19. 06.50.57 [restartedMain] [INFO] o.a.coyote.http11.Http11NioProtocol - Starting ProtocolHandler ["http-nio-8080"]
09.19. 06.50.57 [restartedMain] [INFO] o.s.b.w.e.tomcat.TomcatWebServer - Tomcat started on port 8080 (http) with context path '/'
09.19. 06.50.57 [restartedMain] [INFO] c.e.BlogApplicationBackEndApplication - Started BlogApplicationBackEndApplication in 2.564 seconds (process running for 1025.642)
09.19. 06.50.58 [restartedMain] [INFO] o.s.b.d.a.ConditionEvaluationDeltaLoggingListener - Condition evaluation unchanged
09.19. 06.52.45 [restartedMain] [INFO] c.e.BlogApplicationBackEndApplication - Starting BlogApplicationBackEndApplication using Java 25.0.4.1 on DESKTOP-ADUUNFN with PID 12220 (D:\Source-Codes\Blog_Application_SourceCode\BlogApplication\Blog_Application_back-end\target\classes started by DELL in D:\Source-Codes\Blog_Application_SourceCode\BlogApplication\Blog_Application_back-end)
09.19. 06.52.45 [restartedMain] [INFO] c.e.BlogApplicationBackEndApplication - No active profile set, falling back to 1 default profile: "default"
09.19. 06.52.45 [restartedMain] [WARN] o.s.b.w.s.c.AnnotationConfigServletWebServerApplicationContext - Exception encountered during context initialization - cancelling refresh attempt: org.springframework.beans.factory.BeanDefinitionStoreException: Failed to read candidate component class: file [D:\Source-Codes\Blog_Application_SourceCode\BlogApplication\Blog_Application_back-end\target\classes\com\example\BlogApplicationBackEndApplication.class]; nested exception is org.springframework.core.NestedIOException: ASM ClassReader failed to parse class file - probably due to a new Java class file version that isn't supported yet: file [D:\Source-Codes\Blog_Application_SourceCode\BlogApplication\Blog_Application_back-end\target\classes\com\example\BlogApplicationBackEndApplication.class]; nested exception is java.lang.IllegalArgumentException: Unsupported class file major version 69
09.19. 06.52.45 [restartedMain] [ERROR] o.s.boot.SpringApplication - Application run failed
org.springframework.beans.factory.BeanDefinitionStoreException: Failed to read candidate component class: file [D:\Source-Codes\Blog_Application_SourceCode\BlogApplication\Blog_Application_back-end\target\classes\com\example\BlogApplicationBackEndApplication.class]; nested exception is org.springframework.core.NestedIOException: ASM ClassReader failed to parse class file - probably due to a new Java class file version that isn't supported yet: file [D:\Source-Codes\Blog_Application_SourceCode\BlogApplication\Blog_Application_back-end\target\classes\com\example\BlogApplicationBackEndApplication.class]; nested exception is java.lang.IllegalArgumentException: Unsupported class file major version 69
	at org.springframework.context.annotation.ClassPathScanningCandidateComponentProvider.scanCandidateComponents(ClassPathScanningCandidateComponentProvider.java:457)
	at org.springframework.context.annotation.ClassPathScanningCandidateComponentProvider.findCandidateComponents(ClassPathScanningCandidateComponentProvider.java:316)
	at org.springframework.context.annotation.ClassPathBeanDefinitionScanner.doScan(ClassPathBeanDefinitionScanner.java:276)
	at org.springframework.context.annotation.ComponentScanAnnotationParser.parse(ComponentScanAnnotationParser.java:128)
	at org.springframework.context.annotation.ConfigurationClassParser.doProcessConfigurationClass(ConfigurationClassParser.java:295)
	at org.springframework.context.annotation.ConfigurationClassParser.processConfigurationClass(ConfigurationClassParser.java:249)
	at org.springframework.context.annotation.ConfigurationClassParser.parse(ConfigurationClassParser.java:206)
	at org.springframework.context.annotation.ConfigurationClassParser.parse(ConfigurationClassParser.java:174)
	at org.springframework.context.annotation.ConfigurationClassPostProcessor.processConfigBeanDefinitions(ConfigurationClassPostProcessor.java:331)
	at org.springframework.context.annotation.ConfigurationClassPostProcessor.postProcessBeanDefinitionRegistry(ConfigurationClassPostProcessor.java:247)
	at org.springframework.context.support.PostProcessorRegistrationDelegate.invokeBeanDefinitionRegistryPostProcessors(PostProcessorRegistrationDelegate.java:311)
	at org.springframework.context.support.PostProcessorRegistrationDelegate.invokeBeanFactoryPostProcessors(PostProcessorRegistrationDelegate.java:112)
	at org.springframework.context.support.AbstractApplicationContext.invokeBeanFactoryPostProcessors(AbstractApplicationContext.java:746)
	at org.springframework.context.support.AbstractApplicationContext.refresh(AbstractApplicationContext.java:564)
	at org.springframework.boot.web.servlet.context.ServletWebServerApplicationContext.refresh(ServletWebServerApplicationContext.java:147)
	at org.springframework.boot.SpringApplication.refresh(SpringApplication.java:731)
	at org.springframework.boot.SpringApplication.refreshContext(SpringApplication.java:408)
	at org.springframework.boot.SpringApplication.run(SpringApplication.java:307)
	at org.springframework.boot.SpringApplication.run(SpringApplication.java:1303)
	at org.springframework.boot.SpringApplication.run(SpringApplication.java:1292)
	at com.example.BlogApplicationBackEndApplication.main(BlogApplicationBackEndApplication.java:24)
	at java.base/jdk.internal.reflect.DirectMethodHandleAccessor.invoke(DirectMethodHandleAccessor.java:104)
	at java.base/java.lang.reflect.Method.invoke(Method.java:565)
	at org.springframework.boot.devtools.restart.RestartLauncher.run(RestartLauncher.java:49)
Caused by: org.springframework.core.NestedIOException: ASM ClassReader failed to parse class file - probably due to a new Java class file version that isn't supported yet: file [D:\Source-Codes\Blog_Application_SourceCode\BlogApplication\Blog_Application_back-end\target\classes\com\example\BlogApplicationBackEndApplication.class]; nested exception is java.lang.IllegalArgumentException: Unsupported class file major version 69
	at org.springframework.core.type.classreading.SimpleMetadataReader.getClassReader(SimpleMetadataReader.java:60)
	at org.springframework.core.type.classreading.SimpleMetadataReader.<init>(SimpleMetadataReader.java:48)
	at org.springframework.core.type.classreading.SimpleMetadataReaderFactory.getMetadataReader(SimpleMetadataReaderFactory.java:103)
	at org.springframework.core.type.classreading.CachingMetadataReaderFactory.getMetadataReader(CachingMetadataReaderFactory.java:123)
	at org.springframework.context.annotation.ClassPathScanningCandidateComponentProvider.scanCandidateComponents(ClassPathScanningCandidateComponentProvider.java:429)
	... 23 common frames omitted
Caused by: java.lang.IllegalArgumentException: Unsupported class file major version 69
	at org.springframework.asm.ClassReader.<init>(ClassReader.java:199)
	at org.springframework.asm.ClassReader.<init>(ClassReader.java:180)
	at org.springframework.asm.ClassReader.<init>(ClassReader.java:166)
	at org.springframework.asm.ClassReader.<init>(ClassReader.java:287)
	at org.springframework.core.type.classreading.SimpleMetadataReader.getClassReader(SimpleMetadataReader.java:57)
	... 27 common frames omitted
09.19. 06.52.46 [File Watcher] [INFO] o.s.b.d.a.LocalDevToolsAutoConfiguration$RestartingClassPathChangeChangedEventListener - Restarting due to 1 class path change (0 additions, 0 deletions, 1 modification)
09.19. 06.52.46 [Thread-5] [INFO] o.s.b.w.e.tomcat.GracefulShutdown - Commencing graceful shutdown. Waiting for active requests to complete
09.19. 06.52.46 [tomcat-shutdown] [INFO] o.a.coyote.http11.Http11NioProtocol - Pausing ProtocolHandler ["http-nio-8080"]
09.19. 06.52.46 [tomcat-shutdown] [INFO] o.s.b.w.e.tomcat.GracefulShutdown - Graceful shutdown complete
09.19. 06.52.46 [Thread-5] [INFO] o.a.coyote.http11.Http11NioProtocol - Stopping ProtocolHandler ["http-nio-8080"]
09.19. 06.52.46 [Thread-5] [INFO] o.s.o.j.LocalContainerEntityManagerFactoryBean - Closing JPA EntityManagerFactory for persistence unit 'default'
09.19. 06.52.46 [Thread-5] [INFO] com.zaxxer.hikari.HikariDataSource - HikariPool-2 - Shutdown initiated...
09.19. 06.52.46 [Thread-5] [INFO] com.zaxxer.hikari.HikariDataSource - HikariPool-2 - Shutdown completed.
09.19. 06.52.46 [restartedMain] [INFO] c.e.BlogApplicationBackEndApplication - Starting BlogApplicationBackEndApplication using Java 25.0.4.1 with PID 1076 (D:\Source-Codes\Blog_Application_SourceCode\BlogApplication\Blog_Application_back-end\target\classes started by DELL in D:\Source-Codes\Blog_Application_SourceCode\BlogApplication\Blog_Application_back-end)
09.19. 06.52.46 [restartedMain] [INFO] c.e.BlogApplicationBackEndApplication - No active profile set, falling back to 1 default profile: "default"
09.19. 06.52.46 [restartedMain] [INFO] o.s.d.r.c.RepositoryConfigurationDelegate - Bootstrapping Spring Data JPA repositories in DEFAULT mode.
09.19. 06.52.46 [restartedMain] [INFO] o.s.d.r.c.RepositoryConfigurationDelegate - Finished Spring Data repository scanning in 43 ms. Found 4 JPA repository interfaces.
09.19. 06.52.47 [restartedMain] [INFO] o.s.b.w.e.tomcat.TomcatWebServer - Tomcat initialized with port 8080 (http)
09.19. 06.52.47 [restartedMain] [INFO] o.a.coyote.http11.Http11NioProtocol - Initializing ProtocolHandler ["http-nio-8080"]
09.19. 06.52.47 [restartedMain] [INFO] o.a.catalina.core.StandardService - Starting service [Tomcat]
09.19. 06.52.47 [restartedMain] [INFO] o.a.catalina.core.StandardEngine - Starting Servlet engine: [Apache Tomcat/10.1.46]
09.19. 06.52.47 [restartedMain] [INFO] o.a.c.c.C.[Tomcat].[localhost].[/] - Initializing Spring embedded WebApplicationContext
09.19. 06.52.47 [restartedMain] [INFO] o.s.b.w.s.c.ServletWebServerApplicationContext - Root WebApplicationContext: initialization completed in 746 ms
09.19. 06.52.47 [restartedMain] [INFO] o.h.jpa.internal.util.LogHelper - HHH000204: Processing PersistenceUnitInfo [name: default]
09.19. 06.52.47 [restartedMain] [INFO] o.h.c.i.RegionFactoryInitiator - HHH000026: Second-level cache disabled
09.19. 06.52.47 [restartedMain] [INFO] o.s.o.j.p.SpringPersistenceUnitInfo - No LoadTimeWeaver setup: ignoring JPA class transformer
09.19. 06.52.47 [restartedMain] [INFO] com.zaxxer.hikari.HikariDataSource - HikariPool-3 - Starting...
09.19. 06.52.47 [restartedMain] [INFO] com.zaxxer.hikari.pool.HikariPool - HikariPool-3 - Added connection com.mysql.cj.jdbc.ConnectionImpl@3a2cd5ee
09.19. 06.52.47 [restartedMain] [INFO] com.zaxxer.hikari.HikariDataSource - HikariPool-3 - Start completed.
09.19. 06.52.47 [restartedMain] [WARN] org.hibernate.orm.deprecation - HHH90000025: MySQL8Dialect does not need to be specified explicitly using 'hibernate.dialect' (remove the property setting and it will be selected by default)
09.19. 06.52.47 [restartedMain] [WARN] org.hibernate.orm.deprecation - HHH90000026: MySQL8Dialect has been deprecated; use org.hibernate.dialect.MySQLDialect instead
09.19. 06.52.47 [restartedMain] [INFO] o.hibernate.orm.connections.pooling - HHH10001005: Database info:
	Database JDBC URL [Connecting through datasource 'HikariDataSource (HikariPool-3)']
	Database driver: undefined/unknown
	Database version: 8.0
	Autocommit mode: undefined/unknown
	Isolation level: undefined/unknown
	Minimum pool size: undefined/unknown
	Maximum pool size: undefined/unknown
09.19. 06.52.47 [restartedMain] [INFO] o.h.e.t.j.p.i.JtaPlatformInitiator - HHH000489: No JTA platform available (set 'hibernate.transaction.jta.platform' to enable JTA platform integration)
09.19. 06.52.47 [restartedMain] [INFO] o.s.o.j.LocalContainerEntityManagerFactoryBean - Initialized JPA EntityManagerFactory for persistence unit 'default'
09.19. 06.52.47 [restartedMain] [INFO] o.s.s.c.a.a.c.InitializeUserDetailsBeanManagerConfigurer$InitializeUserDetailsManagerConfigurer - Global AuthenticationManager configured with UserDetailsService bean with name customUserDetailsService
09.19. 06.52.48 [restartedMain] [WARN] o.s.b.a.o.j.JpaBaseConfiguration$JpaWebConfiguration - spring.jpa.open-in-view is enabled by default. Therefore, database queries may be performed during view rendering. Explicitly configure spring.jpa.open-in-view to disable this warning
09.19. 06.52.48 [restartedMain] [DEBUG] o.s.s.web.DefaultSecurityFilterChain - Will secure any request with filters: DisableEncodeUrlFilter, WebAsyncManagerIntegrationFilter, SecurityContextHolderFilter, HeaderWriterFilter, CorsFilter, LogoutFilter, JwtAuthenticationFilter, RequestCacheAwareFilter, SecurityContextHolderAwareRequestFilter, AnonymousAuthenticationFilter, SessionManagementFilter, ExceptionTranslationFilter, AuthorizationFilter
09.19. 06.52.48 [restartedMain] [INFO] o.s.b.a.h.H2ConsoleAutoConfiguration - H2 console available at '/h2-console'. Database available at 'jdbc:mysql://localhost:3306/db_blog_application'
09.19. 06.52.48 [restartedMain] [WARN] o.s.b.d.a.OptionalLiveReloadServer - Unable to start LiveReload server
09.19. 06.52.48 [restartedMain] [INFO] o.a.coyote.http11.Http11NioProtocol - Starting ProtocolHandler ["http-nio-8080"]
09.19. 06.52.48 [restartedMain] [INFO] o.s.b.w.e.tomcat.TomcatWebServer - Tomcat started on port 8080 (http) with context path '/'
09.19. 06.52.48 [restartedMain] [INFO] c.e.BlogApplicationBackEndApplication - Started BlogApplicationBackEndApplication in 2.018 seconds (process running for 1136.252)
09.19. 06.52.48 [restartedMain] [INFO] o.s.b.d.a.ConditionEvaluationDeltaLoggingListener - Condition evaluation unchanged
09.19. 06.57.41 [SpringApplicationShutdownHook] [INFO] o.s.b.w.e.tomcat.GracefulShutdown - Commencing graceful shutdown. Waiting for active requests to complete
09.19. 06.57.41 [tomcat-shutdown] [INFO] o.s.b.w.e.tomcat.GracefulShutdown - Graceful shutdown complete
09.19. 06.57.42 [SpringApplicationShutdownHook] [INFO] o.s.o.j.LocalContainerEntityManagerFactoryBean - Closing JPA EntityManagerFactory for persistence unit 'default'
09.19. 06.57.42 [SpringApplicationShutdownHook] [INFO] com.zaxxer.hikari.HikariDataSource - HikariPool-3 - Shutdown initiated...
09.19. 06.57.42 [SpringApplicationShutdownHook] [INFO] com.zaxxer.hikari.HikariDataSource - HikariPool-3 - Shutdown completed.
09.19. 06.57.55 [background-preinit] [INFO] o.h.validator.internal.util.Version - HV000001: Hibernate Validator 8.0.3.Final
09.19. 06.57.55 [restartedMain] [INFO] c.e.BlogApplicationBackEndApplication - Starting BlogApplicationBackEndApplication using Java 25.0.4.1 with PID 22552 (D:\Source-Codes\Blog_Application_SourceCode\BlogApplication\Blog_Application_back-end\target\classes started by DELL in D:\Source-Codes\Blog_Application_SourceCode\BlogApplication\Blog_Application_back-end)
09.19. 06.57.55 [restartedMain] [INFO] c.e.BlogApplicationBackEndApplication - No active profile set, falling back to 1 default profile: "default"
09.19. 06.57.55 [restartedMain] [INFO] o.s.b.d.e.DevToolsPropertyDefaultsPostProcessor - Devtools property defaults active! Set 'spring.devtools.add-properties' to 'false' to disable
09.19. 06.57.55 [restartedMain] [INFO] o.s.b.d.e.DevToolsPropertyDefaultsPostProcessor - For additional web related logging consider setting the 'logging.level.web' property to 'DEBUG'
09.19. 06.57.56 [restartedMain] [INFO] o.s.d.r.c.RepositoryConfigurationDelegate - Bootstrapping Spring Data JPA repositories in DEFAULT mode.
09.19. 06.57.56 [restartedMain] [INFO] o.s.d.r.c.RepositoryConfigurationDelegate - Finished Spring Data repository scanning in 53 ms. Found 4 JPA repository interfaces.
09.19. 06.57.56 [restartedMain] [INFO] o.s.b.w.e.tomcat.TomcatWebServer - Tomcat initialized with port 8080 (http)
09.19. 06.57.56 [restartedMain] [INFO] o.a.coyote.http11.Http11NioProtocol - Initializing ProtocolHandler ["http-nio-8080"]
09.19. 06.57.56 [restartedMain] [INFO] o.a.catalina.core.StandardService - Starting service [Tomcat]
09.19. 06.57.56 [restartedMain] [INFO] o.a.catalina.core.StandardEngine - Starting Servlet engine: [Apache Tomcat/10.1.46]
09.19. 06.57.56 [restartedMain] [INFO] o.a.c.c.C.[Tomcat].[localhost].[/] - Initializing Spring embedded WebApplicationContext
09.19. 06.57.56 [restartedMain] [INFO] o.s.b.w.s.c.ServletWebServerApplicationContext - Root WebApplicationContext: initialization completed in 1172 ms
09.19. 06.57.57 [restartedMain] [INFO] o.h.jpa.internal.util.LogHelper - HHH000204: Processing PersistenceUnitInfo [name: default]
09.19. 06.57.57 [restartedMain] [INFO] org.hibernate.Version - HHH000412: Hibernate ORM core version 6.6.29.Final
09.19. 06.57.57 [restartedMain] [INFO] o.h.c.i.RegionFactoryInitiator - HHH000026: Second-level cache disabled
09.19. 06.57.57 [restartedMain] [INFO] o.s.o.j.p.SpringPersistenceUnitInfo - No LoadTimeWeaver setup: ignoring JPA class transformer
09.19. 06.57.57 [restartedMain] [INFO] com.zaxxer.hikari.HikariDataSource - HikariPool-1 - Starting...
09.19. 06.57.57 [restartedMain] [INFO] com.zaxxer.hikari.pool.HikariPool - HikariPool-1 - Added connection com.mysql.cj.jdbc.ConnectionImpl@46808954
09.19. 06.57.57 [restartedMain] [INFO] com.zaxxer.hikari.HikariDataSource - HikariPool-1 - Start completed.
09.19. 06.57.57 [restartedMain] [WARN] org.hibernate.orm.deprecation - HHH90000025: MySQL8Dialect does not need to be specified explicitly using 'hibernate.dialect' (remove the property setting and it will be selected by default)
09.19. 06.57.57 [restartedMain] [WARN] org.hibernate.orm.deprecation - HHH90000026: MySQL8Dialect has been deprecated; use org.hibernate.dialect.MySQLDialect instead
09.19. 06.57.57 [restartedMain] [INFO] o.hibernate.orm.connections.pooling - HHH10001005: Database info:
	Database JDBC URL [Connecting through datasource 'HikariDataSource (HikariPool-1)']
	Database driver: undefined/unknown
	Database version: 8.0
	Autocommit mode: undefined/unknown
	Isolation level: undefined/unknown
	Minimum pool size: undefined/unknown
	Maximum pool size: undefined/unknown
09.19. 06.57.58 [restartedMain] [INFO] o.h.e.t.j.p.i.JtaPlatformInitiator - HHH000489: No JTA platform available (set 'hibernate.transaction.jta.platform' to enable JTA platform integration)
09.19. 06.57.58 [restartedMain] [INFO] o.s.o.j.LocalContainerEntityManagerFactoryBean - Initialized JPA EntityManagerFactory for persistence unit 'default'
09.19. 06.57.59 [restartedMain] [INFO] o.s.s.c.a.a.c.InitializeUserDetailsBeanManagerConfigurer$InitializeUserDetailsManagerConfigurer - Global AuthenticationManager configured with UserDetailsService bean with name customUserDetailsService
09.19. 06.57.59 [restartedMain] [WARN] o.s.b.a.o.j.JpaBaseConfiguration$JpaWebConfiguration - spring.jpa.open-in-view is enabled by default. Therefore, database queries may be performed during view rendering. Explicitly configure spring.jpa.open-in-view to disable this warning
09.19. 06.57.59 [restartedMain] [DEBUG] o.s.s.web.DefaultSecurityFilterChain - Will secure any request with filters: DisableEncodeUrlFilter, WebAsyncManagerIntegrationFilter, SecurityContextHolderFilter, HeaderWriterFilter, CorsFilter, LogoutFilter, JwtAuthenticationFilter, RequestCacheAwareFilter, SecurityContextHolderAwareRequestFilter, AnonymousAuthenticationFilter, SessionManagementFilter, ExceptionTranslationFilter, AuthorizationFilter
09.19. 06.57.59 [restartedMain] [INFO] o.s.b.a.h.H2ConsoleAutoConfiguration - H2 console available at '/h2-console'. Database available at 'jdbc:mysql://localhost:3306/db_blog_application'
09.19. 06.57.59 [restartedMain] [WARN] o.s.b.d.a.OptionalLiveReloadServer - Unable to start LiveReload server
09.19. 06.57.59 [restartedMain] [INFO] o.a.coyote.http11.Http11NioProtocol - Starting ProtocolHandler ["http-nio-8080"]
09.19. 06.57.59 [restartedMain] [INFO] o.s.b.w.e.tomcat.TomcatWebServer - Tomcat started on port 8080 (http) with context path '/'
09.19. 06.57.59 [restartedMain] [INFO] c.e.BlogApplicationBackEndApplication - Started BlogApplicationBackEndApplication in 4.119 seconds (process running for 4.598)
09.19. 07.18.39 [http-nio-8080-exec-1] [INFO] o.a.c.c.C.[Tomcat].[localhost].[/] - Initializing Spring DispatcherServlet 'dispatcherServlet'
09.19. 07.18.39 [http-nio-8080-exec-1] [INFO] o.s.web.servlet.DispatcherServlet - Initializing Servlet 'dispatcherServlet'
09.19. 07.18.39 [http-nio-8080-exec-1] [INFO] o.s.web.servlet.DispatcherServlet - Completed initialization in 1 ms
09.19. 07.18.39 [http-nio-8080-exec-1] [DEBUG] o.s.security.web.FilterChainProxy - Securing OPTIONS /api/auth/login
09.19. 07.18.39 [http-nio-8080-exec-3] [DEBUG] o.s.security.web.FilterChainProxy - Securing POST /api/auth/login
09.19. 07.18.39 [http-nio-8080-exec-3] [DEBUG] o.s.s.w.a.AnonymousAuthenticationFilter - Set SecurityContextHolder to anonymous SecurityContext
09.19. 07.18.39 [http-nio-8080-exec-3] [DEBUG] o.s.security.web.FilterChainProxy - Secured POST /api/auth/login
09.19. 07.18.40 [http-nio-8080-exec-3] [DEBUG] o.s.s.a.d.DaoAuthenticationProvider - Authenticated user
09.19. 07.18.40 [http-nio-8080-exec-5] [DEBUG] o.s.security.web.FilterChainProxy - Securing OPTIONS /api/posts?pageNumber=0&pageSize=10&sortBy=postId&sortDirection=asc
09.19. 07.18.40 [http-nio-8080-exec-10] [DEBUG] o.s.security.web.FilterChainProxy - Securing OPTIONS /api/posts?pageNumber=0&pageSize=10&sortBy=postId&sortDirection=asc
09.19. 07.18.40 [http-nio-8080-exec-2] [DEBUG] o.s.security.web.FilterChainProxy - Securing GET /api/posts?pageNumber=0&pageSize=10&sortBy=postId&sortDirection=asc
09.19. 07.18.40 [http-nio-8080-exec-2] [DEBUG] o.s.security.web.FilterChainProxy - Secured GET /api/posts?pageNumber=0&pageSize=10&sortBy=postId&sortDirection=asc
09.19. 07.18.40 [http-nio-8080-exec-2] [INFO] c.example.controllers.PostController - Requesting to get all Posts of pageNumber: 0 and sortBy: postId
09.19. 07.18.40 [http-nio-8080-exec-2] [INFO] c.e.services.impl.PostServiceImpl - Initiating the dao call to get all Posts of pageNumber: 0 and sortBy: postId in direction: asc
09.19. 07.18.40 [http-nio-8080-exec-2] [INFO] c.e.services.impl.PostServiceImpl - Completed the dao call to get all Posts of pageNumber: 0 and sortBy: postId in direction: asc
09.19. 07.18.40 [http-nio-8080-exec-2] [INFO] c.example.controllers.PostController - Completed the request to  get all Posts of pageNumber: 0 and sortBy: postId
09.19. 07.18.40 [http-nio-8080-exec-6] [DEBUG] o.s.security.web.FilterChainProxy - Securing GET /api/posts?pageNumber=0&pageSize=10&sortBy=postId&sortDirection=asc
09.19. 07.18.40 [http-nio-8080-exec-6] [DEBUG] o.s.security.web.FilterChainProxy - Secured GET /api/posts?pageNumber=0&pageSize=10&sortBy=postId&sortDirection=asc
09.19. 07.18.40 [http-nio-8080-exec-6] [INFO] c.example.controllers.PostController - Requesting to get all Posts of pageNumber: 0 and sortBy: postId
09.19. 07.18.40 [http-nio-8080-exec-6] [INFO] c.e.services.impl.PostServiceImpl - Initiating the dao call to get all Posts of pageNumber: 0 and sortBy: postId in direction: asc
09.19. 07.18.40 [http-nio-8080-exec-6] [INFO] c.e.services.impl.PostServiceImpl - Completed the dao call to get all Posts of pageNumber: 0 and sortBy: postId in direction: asc
09.19. 07.18.40 [http-nio-8080-exec-6] [INFO] c.example.controllers.PostController - Completed the request to  get all Posts of pageNumber: 0 and sortBy: postId
09.19. 07.18.52 [http-nio-8080-exec-8] [DEBUG] o.s.security.web.FilterChainProxy - Securing OPTIONS /api/posts?pageNumber=0&pageSize=10&sortBy=postId&sortDirection=asc
09.19. 07.18.52 [http-nio-8080-exec-7] [DEBUG] o.s.security.web.FilterChainProxy - Securing OPTIONS /api/posts?pageNumber=0&pageSize=10&sortBy=postId&sortDirection=asc
09.19. 07.18.52 [http-nio-8080-exec-9] [DEBUG] o.s.security.web.FilterChainProxy - Securing GET /api/posts?pageNumber=0&pageSize=10&sortBy=postId&sortDirection=asc
09.19. 07.18.52 [http-nio-8080-exec-9] [DEBUG] o.s.security.web.FilterChainProxy - Secured GET /api/posts?pageNumber=0&pageSize=10&sortBy=postId&sortDirection=asc
09.19. 07.18.52 [http-nio-8080-exec-9] [INFO] c.example.controllers.PostController - Requesting to get all Posts of pageNumber: 0 and sortBy: postId
09.19. 07.18.52 [http-nio-8080-exec-9] [INFO] c.e.services.impl.PostServiceImpl - Initiating the dao call to get all Posts of pageNumber: 0 and sortBy: postId in direction: asc
09.19. 07.18.52 [http-nio-8080-exec-9] [INFO] c.e.services.impl.PostServiceImpl - Completed the dao call to get all Posts of pageNumber: 0 and sortBy: postId in direction: asc
09.19. 07.18.52 [http-nio-8080-exec-9] [INFO] c.example.controllers.PostController - Completed the request to  get all Posts of pageNumber: 0 and sortBy: postId
09.19. 07.18.52 [http-nio-8080-exec-4] [DEBUG] o.s.security.web.FilterChainProxy - Securing GET /api/posts?pageNumber=0&pageSize=10&sortBy=postId&sortDirection=asc
09.19. 07.18.52 [http-nio-8080-exec-4] [DEBUG] o.s.security.web.FilterChainProxy - Secured GET /api/posts?pageNumber=0&pageSize=10&sortBy=postId&sortDirection=asc
09.19. 07.18.52 [http-nio-8080-exec-4] [INFO] c.example.controllers.PostController - Requesting to get all Posts of pageNumber: 0 and sortBy: postId
09.19. 07.18.52 [http-nio-8080-exec-4] [INFO] c.e.services.impl.PostServiceImpl - Initiating the dao call to get all Posts of pageNumber: 0 and sortBy: postId in direction: asc
09.19. 07.18.52 [http-nio-8080-exec-4] [INFO] c.e.services.impl.PostServiceImpl - Completed the dao call to get all Posts of pageNumber: 0 and sortBy: postId in direction: asc
09.19. 07.18.52 [http-nio-8080-exec-4] [INFO] c.example.controllers.PostController - Completed the request to  get all Posts of pageNumber: 0 and sortBy: postId
09.19. 07.18.54 [http-nio-8080-exec-3] [DEBUG] o.s.security.web.FilterChainProxy - Securing OPTIONS /api/categories
09.19. 07.18.54 [http-nio-8080-exec-1] [DEBUG] o.s.security.web.FilterChainProxy - Securing OPTIONS /api/categories
09.19. 07.18.54 [http-nio-8080-exec-5] [DEBUG] o.s.security.web.FilterChainProxy - Securing GET /api/categories
09.19. 07.18.54 [http-nio-8080-exec-5] [DEBUG] o.s.security.web.FilterChainProxy - Secured GET /api/categories
09.19. 07.18.54 [http-nio-8080-exec-5] [DEBUG] o.s.security.web.FilterChainProxy - Securing GET /error
09.19. 07.18.54 [http-nio-8080-exec-5] [DEBUG] o.s.s.w.a.AnonymousAuthenticationFilter - Set SecurityContextHolder to anonymous SecurityContext
09.19. 07.18.54 [http-nio-8080-exec-10] [DEBUG] o.s.security.web.FilterChainProxy - Securing GET /api/categories
09.19. 07.18.54 [http-nio-8080-exec-10] [DEBUG] o.s.security.web.FilterChainProxy - Secured GET /api/categories
09.19. 07.18.54 [http-nio-8080-exec-10] [DEBUG] o.s.security.web.FilterChainProxy - Securing GET /error
09.19. 07.18.54 [http-nio-8080-exec-10] [DEBUG] o.s.s.w.a.AnonymousAuthenticationFilter - Set SecurityContextHolder to anonymous SecurityContext
09.19. 07.20.46 [http-nio-8080-exec-8] [DEBUG] o.s.security.web.FilterChainProxy - Securing OPTIONS /api/posts?pageNumber=0&pageSize=10&sortBy=postId&sortDirection=asc
09.19. 07.20.46 [http-nio-8080-exec-7] [DEBUG] o.s.security.web.FilterChainProxy - Securing OPTIONS /api/posts?pageNumber=0&pageSize=10&sortBy=postId&sortDirection=asc
09.19. 07.20.46 [http-nio-8080-exec-9] [DEBUG] o.s.security.web.FilterChainProxy - Securing GET /api/posts?pageNumber=0&pageSize=10&sortBy=postId&sortDirection=asc
09.19. 07.20.46 [http-nio-8080-exec-9] [DEBUG] o.s.security.web.FilterChainProxy - Secured GET /api/posts?pageNumber=0&pageSize=10&sortBy=postId&sortDirection=asc
09.19. 07.20.46 [http-nio-8080-exec-9] [INFO] c.example.controllers.PostController - Requesting to get all Posts of pageNumber: 0 and sortBy: postId
09.19. 07.20.46 [http-nio-8080-exec-9] [INFO] c.e.services.impl.PostServiceImpl - Initiating the dao call to get all Posts of pageNumber: 0 and sortBy: postId in direction: asc
09.19. 07.20.46 [http-nio-8080-exec-9] [INFO] c.e.services.impl.PostServiceImpl - Completed the dao call to get all Posts of pageNumber: 0 and sortBy: postId in direction: asc
09.19. 07.20.46 [http-nio-8080-exec-9] [INFO] c.example.controllers.PostController - Completed the request to  get all Posts of pageNumber: 0 and sortBy: postId
09.19. 07.20.46 [http-nio-8080-exec-4] [DEBUG] o.s.security.web.FilterChainProxy - Securing GET /api/posts?pageNumber=0&pageSize=10&sortBy=postId&sortDirection=asc
09.19. 07.20.46 [http-nio-8080-exec-4] [DEBUG] o.s.security.web.FilterChainProxy - Secured GET /api/posts?pageNumber=0&pageSize=10&sortBy=postId&sortDirection=asc
09.19. 07.20.46 [http-nio-8080-exec-4] [INFO] c.example.controllers.PostController - Requesting to get all Posts of pageNumber: 0 and sortBy: postId
09.19. 07.20.46 [http-nio-8080-exec-4] [INFO] c.e.services.impl.PostServiceImpl - Initiating the dao call to get all Posts of pageNumber: 0 and sortBy: postId in direction: asc
09.19. 07.20.46 [http-nio-8080-exec-4] [INFO] c.e.services.impl.PostServiceImpl - Completed the dao call to get all Posts of pageNumber: 0 and sortBy: postId in direction: asc
09.19. 07.20.46 [http-nio-8080-exec-4] [INFO] c.example.controllers.PostController - Completed the request to  get all Posts of pageNumber: 0 and sortBy: postId
09.19. 07.20.51 [http-nio-8080-exec-3] [DEBUG] o.s.security.web.FilterChainProxy - Securing OPTIONS /api/categories
09.19. 07.20.51 [http-nio-8080-exec-1] [DEBUG] o.s.security.web.FilterChainProxy - Securing OPTIONS /api/categories
09.19. 07.20.51 [http-nio-8080-exec-5] [DEBUG] o.s.security.web.FilterChainProxy - Securing GET /api/categories
09.19. 07.20.51 [http-nio-8080-exec-5] [DEBUG] o.s.security.web.FilterChainProxy - Secured GET /api/categories
09.19. 07.20.51 [http-nio-8080-exec-5] [DEBUG] o.s.security.web.FilterChainProxy - Securing GET /error
09.19. 07.20.51 [http-nio-8080-exec-5] [DEBUG] o.s.s.w.a.AnonymousAuthenticationFilter - Set SecurityContextHolder to anonymous SecurityContext
09.19. 07.20.51 [http-nio-8080-exec-10] [DEBUG] o.s.security.web.FilterChainProxy - Securing GET /api/categories
09.19. 07.20.51 [http-nio-8080-exec-10] [DEBUG] o.s.security.web.FilterChainProxy - Secured GET /api/categories
09.19. 07.20.51 [http-nio-8080-exec-10] [DEBUG] o.s.security.web.FilterChainProxy - Securing GET /error
09.19. 07.20.51 [http-nio-8080-exec-10] [DEBUG] o.s.s.w.a.AnonymousAuthenticationFilter - Set SecurityContextHolder to anonymous SecurityContext
09.19. 07.38.08 [http-nio-8080-exec-8] [DEBUG] o.s.security.web.FilterChainProxy - Securing OPTIONS /api/categories
09.19. 07.38.08 [http-nio-8080-exec-7] [DEBUG] o.s.security.web.FilterChainProxy - Securing OPTIONS /api/categories
09.19. 07.38.08 [http-nio-8080-exec-9] [DEBUG] o.s.security.web.FilterChainProxy - Securing GET /api/categories
09.19. 07.38.08 [http-nio-8080-exec-9] [DEBUG] o.s.security.web.FilterChainProxy - Secured GET /api/categories
09.19. 07.38.08 [http-nio-8080-exec-9] [DEBUG] o.s.security.web.FilterChainProxy - Securing GET /error
09.19. 07.38.08 [http-nio-8080-exec-9] [DEBUG] o.s.s.w.a.AnonymousAuthenticationFilter - Set SecurityContextHolder to anonymous SecurityContext
09.19. 07.38.08 [http-nio-8080-exec-4] [DEBUG] o.s.security.web.FilterChainProxy - Securing GET /api/categories
09.19. 07.38.08 [http-nio-8080-exec-4] [DEBUG] o.s.security.web.FilterChainProxy - Secured GET /api/categories
09.19. 07.38.08 [http-nio-8080-exec-4] [DEBUG] o.s.security.web.FilterChainProxy - Securing GET /error
09.19. 07.38.08 [http-nio-8080-exec-4] [DEBUG] o.s.s.w.a.AnonymousAuthenticationFilter - Set SecurityContextHolder to anonymous SecurityContext
09.19. 07.38.09 [http-nio-8080-exec-3] [DEBUG] o.s.security.web.FilterChainProxy - Securing GET /api/categories
09.19. 07.38.09 [http-nio-8080-exec-3] [DEBUG] o.s.security.web.FilterChainProxy - Secured GET /api/categories
09.19. 07.38.09 [http-nio-8080-exec-3] [DEBUG] o.s.security.web.FilterChainProxy - Securing GET /error
09.19. 07.38.09 [http-nio-8080-exec-3] [DEBUG] o.s.s.w.a.AnonymousAuthenticationFilter - Set SecurityContextHolder to anonymous SecurityContext
09.19. 07.38.09 [http-nio-8080-exec-1] [DEBUG] o.s.security.web.FilterChainProxy - Securing GET /api/categories
09.19. 07.38.09 [http-nio-8080-exec-1] [DEBUG] o.s.security.web.FilterChainProxy - Secured GET /api/categories
09.19. 07.38.09 [http-nio-8080-exec-1] [DEBUG] o.s.security.web.FilterChainProxy - Securing GET /error
09.19. 07.38.09 [http-nio-8080-exec-1] [DEBUG] o.s.s.w.a.AnonymousAuthenticationFilter - Set SecurityContextHolder to anonymous SecurityContext
09.19. 07.38.09 [http-nio-8080-exec-5] [DEBUG] o.s.security.web.FilterChainProxy - Securing GET /api/categories
09.19. 07.38.09 [http-nio-8080-exec-5] [DEBUG] o.s.security.web.FilterChainProxy - Secured GET /api/categories
09.19. 07.38.09 [http-nio-8080-exec-5] [DEBUG] o.s.security.web.FilterChainProxy - Securing GET /error
09.19. 07.38.09 [http-nio-8080-exec-5] [DEBUG] o.s.s.w.a.AnonymousAuthenticationFilter - Set SecurityContextHolder to anonymous SecurityContext
09.19. 07.38.09 [http-nio-8080-exec-10] [DEBUG] o.s.security.web.FilterChainProxy - Securing GET /api/categories
09.19. 07.38.09 [http-nio-8080-exec-10] [DEBUG] o.s.security.web.FilterChainProxy - Secured GET /api/categories
09.19. 07.38.09 [http-nio-8080-exec-10] [DEBUG] o.s.security.web.FilterChainProxy - Securing GET /error
09.19. 07.38.10 [http-nio-8080-exec-10] [DEBUG] o.s.s.w.a.AnonymousAuthenticationFilter - Set SecurityContextHolder to anonymous SecurityContext
09.19. 07.38.26 [http-nio-8080-exec-6] [DEBUG] o.s.security.web.FilterChainProxy - Securing OPTIONS /api/posts?pageNumber=0&pageSize=10&sortBy=postId&sortDirection=asc
09.19. 07.38.26 [http-nio-8080-exec-2] [DEBUG] o.s.security.web.FilterChainProxy - Securing OPTIONS /api/posts?pageNumber=0&pageSize=10&sortBy=postId&sortDirection=asc
09.19. 07.38.26 [http-nio-8080-exec-7] [DEBUG] o.s.security.web.FilterChainProxy - Securing GET /api/posts?pageNumber=0&pageSize=10&sortBy=postId&sortDirection=asc
09.19. 07.38.26 [http-nio-8080-exec-7] [DEBUG] o.s.security.web.FilterChainProxy - Secured GET /api/posts?pageNumber=0&pageSize=10&sortBy=postId&sortDirection=asc
09.19. 07.38.26 [http-nio-8080-exec-7] [INFO] c.example.controllers.PostController - Requesting to get all Posts of pageNumber: 0 and sortBy: postId
09.19. 07.38.26 [http-nio-8080-exec-7] [INFO] c.e.services.impl.PostServiceImpl - Initiating the dao call to get all Posts of pageNumber: 0 and sortBy: postId in direction: asc
09.19. 07.38.26 [http-nio-8080-exec-7] [INFO] c.e.services.impl.PostServiceImpl - Completed the dao call to get all Posts of pageNumber: 0 and sortBy: postId in direction: asc
09.19. 07.38.26 [http-nio-8080-exec-7] [INFO] c.example.controllers.PostController - Completed the request to  get all Posts of pageNumber: 0 and sortBy: postId
09.19. 07.38.26 [http-nio-8080-exec-8] [DEBUG] o.s.security.web.FilterChainProxy - Securing GET /api/posts?pageNumber=0&pageSize=10&sortBy=postId&sortDirection=asc
09.19. 07.38.26 [http-nio-8080-exec-8] [DEBUG] o.s.security.web.FilterChainProxy - Secured GET /api/posts?pageNumber=0&pageSize=10&sortBy=postId&sortDirection=asc
09.19. 07.38.26 [http-nio-8080-exec-8] [INFO] c.example.controllers.PostController - Requesting to get all Posts of pageNumber: 0 and sortBy: postId
09.19. 07.38.26 [http-nio-8080-exec-8] [INFO] c.e.services.impl.PostServiceImpl - Initiating the dao call to get all Posts of pageNumber: 0 and sortBy: postId in direction: asc
09.19. 07.38.26 [http-nio-8080-exec-8] [INFO] c.e.services.impl.PostServiceImpl - Completed the dao call to get all Posts of pageNumber: 0 and sortBy: postId in direction: asc
09.19. 07.38.26 [http-nio-8080-exec-8] [INFO] c.example.controllers.PostController - Completed the request to  get all Posts of pageNumber: 0 and sortBy: postId
09.19. 07.48.17 [main] [INFO] o.s.t.c.s.AnnotationConfigContextLoaderUtils - Could not detect default configuration classes for test class [com.example.BlogApplicationBackEndApplicationTests]: BlogApplicationBackEndApplicationTests does not declare any static, non-private, non-final, nested classes annotated with @Configuration.
09.19. 07.48.17 [main] [INFO] o.s.b.t.c.SpringBootTestContextBootstrapper - Found @SpringBootConfiguration com.example.BlogApplicationBackEndApplication for test class com.example.BlogApplicationBackEndApplicationTests
09.19. 07.48.17 [main] [INFO] o.s.b.d.r.RestartApplicationListener - Restart disabled due to context in which it is running
09.19. 07.48.17 [background-preinit] [INFO] o.h.validator.internal.util.Version - HV000001: Hibernate Validator 8.0.3.Final
09.19. 07.48.17 [main] [INFO] c.e.BlogApplicationBackEndApplicationTests - Starting BlogApplicationBackEndApplicationTests using Java 25.0.4.1 with PID 19592 (started by DELL in D:\Source-Codes\Blog_Application_SourceCode\BlogApplication\Blog_Application_back-end)
09.19. 07.48.17 [main] [INFO] c.e.BlogApplicationBackEndApplicationTests - No active profile set, falling back to 1 default profile: "default"
09.19. 07.48.19 [main] [INFO] o.s.d.r.c.RepositoryConfigurationDelegate - Bootstrapping Spring Data JPA repositories in DEFAULT mode.
09.19. 07.48.19 [main] [INFO] o.s.d.r.c.RepositoryConfigurationDelegate - Finished Spring Data repository scanning in 82 ms. Found 4 JPA repository interfaces.
09.19. 07.48.19 [main] [INFO] o.h.jpa.internal.util.LogHelper - HHH000204: Processing PersistenceUnitInfo [name: default]
09.19. 07.48.19 [main] [INFO] org.hibernate.Version - HHH000412: Hibernate ORM core version 6.6.29.Final
09.19. 07.48.20 [main] [INFO] o.h.c.i.RegionFactoryInitiator - HHH000026: Second-level cache disabled
09.19. 07.48.20 [main] [INFO] o.s.o.j.p.SpringPersistenceUnitInfo - No LoadTimeWeaver setup: ignoring JPA class transformer
09.19. 07.48.20 [main] [INFO] com.zaxxer.hikari.HikariDataSource - HikariPool-1 - Starting...
09.19. 07.48.20 [main] [INFO] com.zaxxer.hikari.pool.HikariPool - HikariPool-1 - Added connection com.mysql.cj.jdbc.ConnectionImpl@492c8137
09.19. 07.48.20 [main] [INFO] com.zaxxer.hikari.HikariDataSource - HikariPool-1 - Start completed.
09.19. 07.48.20 [main] [WARN] org.hibernate.orm.deprecation - HHH90000025: MySQL8Dialect does not need to be specified explicitly using 'hibernate.dialect' (remove the property setting and it will be selected by default)
09.19. 07.48.20 [main] [WARN] org.hibernate.orm.deprecation - HHH90000026: MySQL8Dialect has been deprecated; use org.hibernate.dialect.MySQLDialect instead
09.19. 07.48.21 [main] [INFO] o.hibernate.orm.connections.pooling - HHH10001005: Database info:
	Database JDBC URL [Connecting through datasource 'HikariDataSource (HikariPool-1)']
	Database driver: undefined/unknown
	Database version: 8.0
	Autocommit mode: undefined/unknown
	Isolation level: undefined/unknown
	Minimum pool size: undefined/unknown
	Maximum pool size: undefined/unknown
09.19. 07.48.22 [main] [INFO] o.h.e.t.j.p.i.JtaPlatformInitiator - HHH000489: No JTA platform available (set 'hibernate.transaction.jta.platform' to enable JTA platform integration)
09.19. 07.48.22 [main] [INFO] o.s.o.j.LocalContainerEntityManagerFactoryBean - Initialized JPA EntityManagerFactory for persistence unit 'default'
09.19. 07.48.22 [main] [INFO] o.s.s.c.a.a.c.InitializeUserDetailsBeanManagerConfigurer$InitializeUserDetailsManagerConfigurer - Global AuthenticationManager configured with UserDetailsService bean with name customUserDetailsService
09.19. 07.48.23 [main] [WARN] o.s.b.a.o.j.JpaBaseConfiguration$JpaWebConfiguration - spring.jpa.open-in-view is enabled by default. Therefore, database queries may be performed during view rendering. Explicitly configure spring.jpa.open-in-view to disable this warning
09.19. 07.48.23 [main] [DEBUG] o.s.s.web.DefaultSecurityFilterChain - Will secure any request with filters: DisableEncodeUrlFilter, WebAsyncManagerIntegrationFilter, SecurityContextHolderFilter, HeaderWriterFilter, CorsFilter, LogoutFilter, JwtAuthenticationFilter, RequestCacheAwareFilter, SecurityContextHolderAwareRequestFilter, AnonymousAuthenticationFilter, SessionManagementFilter, ExceptionTranslationFilter, AuthorizationFilter
09.19. 07.48.23 [main] [INFO] c.e.BlogApplicationBackEndApplicationTests - Started BlogApplicationBackEndApplicationTests in 6.25 seconds (process running for 7.655)
09.19. 07.48.24 [main] [INFO] c.e.services.impl.UserServiceImpl - Initiating the dao call to create a User
09.19. 07.48.24 [SpringApplicationShutdownHook] [INFO] o.s.o.j.LocalContainerEntityManagerFactoryBean - Closing JPA EntityManagerFactory for persistence unit 'default'
09.19. 07.48.24 [SpringApplicationShutdownHook] [INFO] com.zaxxer.hikari.HikariDataSource - HikariPool-1 - Shutdown initiated...
09.19. 07.48.24 [SpringApplicationShutdownHook] [INFO] com.zaxxer.hikari.HikariDataSource - HikariPool-1 - Shutdown completed.
09.19. 07.51.42 [http-nio-8080-exec-3] [DEBUG] o.s.security.web.FilterChainProxy - Securing OPTIONS /api/posts?pageNumber=0&pageSize=10&sortBy=postId&sortDirection=asc
09.19. 07.51.42 [http-nio-8080-exec-1] [DEBUG] o.s.security.web.FilterChainProxy - Securing OPTIONS /api/posts?pageNumber=0&pageSize=10&sortBy=postId&sortDirection=asc
09.19. 07.51.42 [http-nio-8080-exec-5] [DEBUG] o.s.security.web.FilterChainProxy - Securing GET /api/posts?pageNumber=0&pageSize=10&sortBy=postId&sortDirection=asc
09.19. 07.51.42 [http-nio-8080-exec-5] [DEBUG] o.s.security.web.FilterChainProxy - Secured GET /api/posts?pageNumber=0&pageSize=10&sortBy=postId&sortDirection=asc
09.19. 07.51.42 [http-nio-8080-exec-5] [INFO] c.example.controllers.PostController - Requesting to get all Posts of pageNumber: 0 and sortBy: postId
09.19. 07.51.42 [http-nio-8080-exec-5] [INFO] c.e.services.impl.PostServiceImpl - Initiating the dao call to get all Posts of pageNumber: 0 and sortBy: postId in direction: asc
09.19. 07.51.42 [http-nio-8080-exec-5] [INFO] c.e.services.impl.PostServiceImpl - Completed the dao call to get all Posts of pageNumber: 0 and sortBy: postId in direction: asc
09.19. 07.51.42 [http-nio-8080-exec-5] [INFO] c.example.controllers.PostController - Completed the request to  get all Posts of pageNumber: 0 and sortBy: postId
09.19. 07.51.42 [http-nio-8080-exec-10] [DEBUG] o.s.security.web.FilterChainProxy - Securing GET /api/posts?pageNumber=0&pageSize=10&sortBy=postId&sortDirection=asc
09.19. 07.51.42 [http-nio-8080-exec-10] [DEBUG] o.s.security.web.FilterChainProxy - Secured GET /api/posts?pageNumber=0&pageSize=10&sortBy=postId&sortDirection=asc
09.19. 07.51.42 [http-nio-8080-exec-10] [INFO] c.example.controllers.PostController - Requesting to get all Posts of pageNumber: 0 and sortBy: postId
09.19. 07.51.42 [http-nio-8080-exec-10] [INFO] c.e.services.impl.PostServiceImpl - Initiating the dao call to get all Posts of pageNumber: 0 and sortBy: postId in direction: asc
09.19. 07.51.42 [http-nio-8080-exec-10] [INFO] c.e.services.impl.PostServiceImpl - Completed the dao call to get all Posts of pageNumber: 0 and sortBy: postId in direction: asc
09.19. 07.51.42 [http-nio-8080-exec-10] [INFO] c.example.controllers.PostController - Completed the request to  get all Posts of pageNumber: 0 and sortBy: postId
09.19. 08.48.41 [HikariPool-1:housekeeper] [WARN] com.zaxxer.hikari.pool.HikariPool - HikariPool-1 - Thread starvation or clock leap detected (housekeeper delta=57m12s652ms504µs500ns).
09.20. 00.26.49 [HikariPool-1:housekeeper] [WARN] com.zaxxer.hikari.pool.HikariPool - HikariPool-1 - Thread starvation or clock leap detected (housekeeper delta=15h38m13s311ms96µs100ns).
09.20. 00.27.46 [main] [INFO] o.s.t.c.s.AnnotationConfigContextLoaderUtils - Could not detect default configuration classes for test class [com.example.BlogApplicationBackEndApplicationTests]: BlogApplicationBackEndApplicationTests does not declare any static, non-private, non-final, nested classes annotated with @Configuration.
09.20. 00.27.46 [main] [INFO] o.s.b.t.c.SpringBootTestContextBootstrapper - Found @SpringBootConfiguration com.example.BlogApplicationBackEndApplication for test class com.example.BlogApplicationBackEndApplicationTests
09.20. 00.27.46 [main] [INFO] o.s.b.d.r.RestartApplicationListener - Restart disabled due to context in which it is running
09.20. 00.27.47 [background-preinit] [INFO] o.h.validator.internal.util.Version - HV000001: Hibernate Validator 8.0.3.Final
09.20. 00.27.47 [main] [INFO] c.e.BlogApplicationBackEndApplicationTests - Starting BlogApplicationBackEndApplicationTests using Java 25.0.4.1 with PID 9504 (started by DELL in D:\Source-Codes\Blog_Application_SourceCode\BlogApplication\Blog_Application_back-end)
09.20. 00.27.47 [main] [INFO] c.e.BlogApplicationBackEndApplicationTests - No active profile set, falling back to 1 default profile: "default"
09.20. 00.27.48 [main] [INFO] o.s.d.r.c.RepositoryConfigurationDelegate - Bootstrapping Spring Data JPA repositories in DEFAULT mode.
09.20. 00.27.48 [main] [INFO] o.s.d.r.c.RepositoryConfigurationDelegate - Finished Spring Data repository scanning in 94 ms. Found 4 JPA repository interfaces.
09.20. 00.27.48 [main] [INFO] o.h.jpa.internal.util.LogHelper - HHH000204: Processing PersistenceUnitInfo [name: default]
09.20. 00.27.49 [main] [INFO] org.hibernate.Version - HHH000412: Hibernate ORM core version 6.6.29.Final
09.20. 00.27.49 [main] [INFO] o.h.c.i.RegionFactoryInitiator - HHH000026: Second-level cache disabled
09.20. 00.27.49 [main] [INFO] o.s.o.j.p.SpringPersistenceUnitInfo - No LoadTimeWeaver setup: ignoring JPA class transformer
09.20. 00.27.49 [main] [INFO] com.zaxxer.hikari.HikariDataSource - HikariPool-1 - Starting...
09.20. 00.27.50 [main] [INFO] com.zaxxer.hikari.pool.HikariPool - HikariPool-1 - Added connection com.mysql.cj.jdbc.ConnectionImpl@ba0018e
09.20. 00.27.50 [main] [INFO] com.zaxxer.hikari.HikariDataSource - HikariPool-1 - Start completed.
09.20. 00.27.50 [main] [WARN] org.hibernate.orm.deprecation - HHH90000025: MySQL8Dialect does not need to be specified explicitly using 'hibernate.dialect' (remove the property setting and it will be selected by default)
09.20. 00.27.50 [main] [WARN] org.hibernate.orm.deprecation - HHH90000026: MySQL8Dialect has been deprecated; use org.hibernate.dialect.MySQLDialect instead
09.20. 00.27.50 [main] [INFO] o.hibernate.orm.connections.pooling - HHH10001005: Database info:
	Database JDBC URL [Connecting through datasource 'HikariDataSource (HikariPool-1)']
	Database driver: undefined/unknown
	Database version: 8.0
	Autocommit mode: undefined/unknown
	Isolation level: undefined/unknown
	Minimum pool size: undefined/unknown
	Maximum pool size: undefined/unknown
09.20. 00.27.51 [main] [INFO] o.h.e.t.j.p.i.JtaPlatformInitiator - HHH000489: No JTA platform available (set 'hibernate.transaction.jta.platform' to enable JTA platform integration)
09.20. 00.27.51 [main] [INFO] o.s.o.j.LocalContainerEntityManagerFactoryBean - Initialized JPA EntityManagerFactory for persistence unit 'default'
09.20. 00.27.51 [main] [INFO] o.s.s.c.a.a.c.InitializeUserDetailsBeanManagerConfigurer$InitializeUserDetailsManagerConfigurer - Global AuthenticationManager configured with UserDetailsService bean with name customUserDetailsService
09.20. 00.27.52 [main] [WARN] o.s.b.a.o.j.JpaBaseConfiguration$JpaWebConfiguration - spring.jpa.open-in-view is enabled by default. Therefore, database queries may be performed during view rendering. Explicitly configure spring.jpa.open-in-view to disable this warning
09.20. 00.27.52 [main] [DEBUG] o.s.s.web.DefaultSecurityFilterChain - Will secure any request with filters: DisableEncodeUrlFilter, WebAsyncManagerIntegrationFilter, SecurityContextHolderFilter, HeaderWriterFilter, CorsFilter, LogoutFilter, JwtAuthenticationFilter, RequestCacheAwareFilter, SecurityContextHolderAwareRequestFilter, AnonymousAuthenticationFilter, SessionManagementFilter, ExceptionTranslationFilter, AuthorizationFilter
09.20. 00.27.52 [main] [INFO] c.e.BlogApplicationBackEndApplicationTests - Started BlogApplicationBackEndApplicationTests in 6.208 seconds (process running for 7.597)
09.20. 00.27.53 [main] [INFO] c.e.services.impl.UserServiceImpl - Initiating the dao call to create a User
09.20. 00.27.53 [SpringApplicationShutdownHook] [INFO] o.s.o.j.LocalContainerEntityManagerFactoryBean - Closing JPA EntityManagerFactory for persistence unit 'default'
09.20. 00.27.53 [SpringApplicationShutdownHook] [INFO] com.zaxxer.hikari.HikariDataSource - HikariPool-1 - Shutdown initiated...
09.20. 00.27.54 [SpringApplicationShutdownHook] [INFO] com.zaxxer.hikari.HikariDataSource - HikariPool-1 - Shutdown completed.
09.20. 00.31.08 [http-nio-8080-exec-8] [DEBUG] o.s.security.web.FilterChainProxy - Securing OPTIONS /api/posts?pageNumber=0&pageSize=10&sortBy=postId&sortDirection=asc
09.20. 00.31.08 [http-nio-8080-exec-7] [DEBUG] o.s.security.web.FilterChainProxy - Securing OPTIONS /api/posts?pageNumber=0&pageSize=10&sortBy=postId&sortDirection=asc
09.20. 00.31.08 [http-nio-8080-exec-4] [DEBUG] o.s.security.web.FilterChainProxy - Securing GET /api/posts?pageNumber=0&pageSize=10&sortBy=postId&sortDirection=asc
09.20. 00.31.08 [http-nio-8080-exec-4] [DEBUG] o.s.s.w.a.AnonymousAuthenticationFilter - Set SecurityContextHolder to anonymous SecurityContext
09.20. 00.31.08 [http-nio-8080-exec-4] [DEBUG] o.s.security.web.FilterChainProxy - Securing GET /error?pageNumber=0&pageSize=10&sortBy=postId&sortDirection=asc
09.20. 00.31.08 [http-nio-8080-exec-4] [DEBUG] o.s.s.w.a.AnonymousAuthenticationFilter - Set SecurityContextHolder to anonymous SecurityContext
09.20. 00.31.08 [http-nio-8080-exec-9] [DEBUG] o.s.security.web.FilterChainProxy - Securing GET /api/posts?pageNumber=0&pageSize=10&sortBy=postId&sortDirection=asc
09.20. 00.31.08 [http-nio-8080-exec-9] [DEBUG] o.s.s.w.a.AnonymousAuthenticationFilter - Set SecurityContextHolder to anonymous SecurityContext
09.20. 00.31.08 [http-nio-8080-exec-9] [DEBUG] o.s.security.web.FilterChainProxy - Securing GET /error?pageNumber=0&pageSize=10&sortBy=postId&sortDirection=asc
09.20. 00.31.08 [http-nio-8080-exec-9] [DEBUG] o.s.s.w.a.AnonymousAuthenticationFilter - Set SecurityContextHolder to anonymous SecurityContext
09.20. 00.36.12 [File Watcher] [INFO] o.s.b.d.a.LocalDevToolsAutoConfiguration$RestartingClassPathChangeChangedEventListener - Restarting due to 48 class path changes (0 additions, 48 deletions, 0 modifications)
09.20. 00.36.12 [Thread-1] [INFO] o.s.b.w.e.tomcat.GracefulShutdown - Commencing graceful shutdown. Waiting for active requests to complete
09.20. 00.36.13 [tomcat-shutdown] [INFO] o.a.coyote.http11.Http11NioProtocol - Pausing ProtocolHandler ["http-nio-8080"]
09.20. 00.36.13 [tomcat-shutdown] [INFO] o.s.b.w.e.tomcat.GracefulShutdown - Graceful shutdown complete
09.20. 00.36.13 [Thread-1] [INFO] o.a.coyote.http11.Http11NioProtocol - Stopping ProtocolHandler ["http-nio-8080"]
09.20. 00.36.13 [Thread-1] [INFO] o.s.o.j.LocalContainerEntityManagerFactoryBean - Closing JPA EntityManagerFactory for persistence unit 'default'
09.20. 00.36.14 [Thread-1] [INFO] com.zaxxer.hikari.HikariDataSource - HikariPool-1 - Shutdown initiated...
09.20. 00.36.15 [Thread-1] [INFO] com.zaxxer.hikari.HikariDataSource - HikariPool-1 - Shutdown completed.
09.20. 00.36.18 [restartedMain] [INFO] c.e.BlogApplicationBackEndApplication - Starting BlogApplicationBackEndApplication using Java 25.0.4.1 on DESKTOP-ADUUNFN with PID 12220 (D:\Source-Codes\Blog_Application_SourceCode\BlogApplication\Blog_Application_back-end\target\classes started by DELL in D:\Source-Codes\Blog_Application_SourceCode\BlogApplication\Blog_Application_back-end)
09.20. 00.36.18 [restartedMain] [INFO] c.e.BlogApplicationBackEndApplication - No active profile set, falling back to 1 default profile: "default"
09.20. 00.36.18 [restartedMain] [WARN] o.s.b.w.s.c.AnnotationConfigServletWebServerApplicationContext - Exception encountered during context initialization - cancelling refresh attempt: org.springframework.beans.factory.BeanDefinitionStoreException: Failed to read candidate component class: file [D:\Source-Codes\Blog_Application_SourceCode\BlogApplication\Blog_Application_back-end\target\classes\com\example\BlogApplicationBackEndApplication.class]; nested exception is org.springframework.core.NestedIOException: ASM ClassReader failed to parse class file - probably due to a new Java class file version that isn't supported yet: file [D:\Source-Codes\Blog_Application_SourceCode\BlogApplication\Blog_Application_back-end\target\classes\com\example\BlogApplicationBackEndApplication.class]; nested exception is java.lang.IllegalArgumentException: Unsupported class file major version 69
09.20. 00.36.18 [restartedMain] [ERROR] o.s.boot.SpringApplication - Application run failed
org.springframework.beans.factory.BeanDefinitionStoreException: Failed to read candidate component class: file [D:\Source-Codes\Blog_Application_SourceCode\BlogApplication\Blog_Application_back-end\target\classes\com\example\BlogApplicationBackEndApplication.class]; nested exception is org.springframework.core.NestedIOException: ASM ClassReader failed to parse class file - probably due to a new Java class file version that isn't supported yet: file [D:\Source-Codes\Blog_Application_SourceCode\BlogApplication\Blog_Application_back-end\target\classes\com\example\BlogApplicationBackEndApplication.class]; nested exception is java.lang.IllegalArgumentException: Unsupported class file major version 69
	at org.springframework.context.annotation.ClassPathScanningCandidateComponentProvider.scanCandidateComponents(ClassPathScanningCandidateComponentProvider.java:457)
	at org.springframework.context.annotation.ClassPathScanningCandidateComponentProvider.findCandidateComponents(ClassPathScanningCandidateComponentProvider.java:316)
	at org.springframework.context.annotation.ClassPathBeanDefinitionScanner.doScan(ClassPathBeanDefinitionScanner.java:276)
	at org.springframework.context.annotation.ComponentScanAnnotationParser.parse(ComponentScanAnnotationParser.java:128)
	at org.springframework.context.annotation.ConfigurationClassParser.doProcessConfigurationClass(ConfigurationClassParser.java:295)
	at org.springframework.context.annotation.ConfigurationClassParser.processConfigurationClass(ConfigurationClassParser.java:249)
	at org.springframework.context.annotation.ConfigurationClassParser.parse(ConfigurationClassParser.java:206)
	at org.springframework.context.annotation.ConfigurationClassParser.parse(ConfigurationClassParser.java:174)
	at org.springframework.context.annotation.ConfigurationClassPostProcessor.processConfigBeanDefinitions(ConfigurationClassPostProcessor.java:331)
	at org.springframework.context.annotation.ConfigurationClassPostProcessor.postProcessBeanDefinitionRegistry(ConfigurationClassPostProcessor.java:247)
	at org.springframework.context.support.PostProcessorRegistrationDelegate.invokeBeanDefinitionRegistryPostProcessors(PostProcessorRegistrationDelegate.java:311)
	at org.springframework.context.support.PostProcessorRegistrationDelegate.invokeBeanFactoryPostProcessors(PostProcessorRegistrationDelegate.java:112)
	at org.springframework.context.support.AbstractApplicationContext.invokeBeanFactoryPostProcessors(AbstractApplicationContext.java:746)
	at org.springframework.context.support.AbstractApplicationContext.refresh(AbstractApplicationContext.java:564)
	at org.springframework.boot.web.servlet.context.ServletWebServerApplicationContext.refresh(ServletWebServerApplicationContext.java:147)
	at org.springframework.boot.SpringApplication.refresh(SpringApplication.java:731)
	at org.springframework.boot.SpringApplication.refreshContext(SpringApplication.java:408)
	at org.springframework.boot.SpringApplication.run(SpringApplication.java:307)
	at org.springframework.boot.SpringApplication.run(SpringApplication.java:1303)
	at org.springframework.boot.SpringApplication.run(SpringApplication.java:1292)
	at com.example.BlogApplicationBackEndApplication.main(BlogApplicationBackEndApplication.java:24)
	at java.base/jdk.internal.reflect.DirectMethodHandleAccessor.invoke(DirectMethodHandleAccessor.java:104)
	at java.base/java.lang.reflect.Method.invoke(Method.java:565)
	at org.springframework.boot.devtools.restart.RestartLauncher.run(RestartLauncher.java:49)
Caused by: org.springframework.core.NestedIOException: ASM ClassReader failed to parse class file - probably due to a new Java class file version that isn't supported yet: file [D:\Source-Codes\Blog_Application_SourceCode\BlogApplication\Blog_Application_back-end\target\classes\com\example\BlogApplicationBackEndApplication.class]; nested exception is java.lang.IllegalArgumentException: Unsupported class file major version 69
	at org.springframework.core.type.classreading.SimpleMetadataReader.getClassReader(SimpleMetadataReader.java:60)
	at org.springframework.core.type.classreading.SimpleMetadataReader.<init>(SimpleMetadataReader.java:48)
	at org.springframework.core.type.classreading.SimpleMetadataReaderFactory.getMetadataReader(SimpleMetadataReaderFactory.java:103)
	at org.springframework.core.type.classreading.CachingMetadataReaderFactory.getMetadataReader(CachingMetadataReaderFactory.java:123)
	at org.springframework.context.annotation.ClassPathScanningCandidateComponentProvider.scanCandidateComponents(ClassPathScanningCandidateComponentProvider.java:429)
	... 23 common frames omitted
Caused by: java.lang.IllegalArgumentException: Unsupported class file major version 69
	at org.springframework.asm.ClassReader.<init>(ClassReader.java:199)
	at org.springframework.asm.ClassReader.<init>(ClassReader.java:180)
	at org.springframework.asm.ClassReader.<init>(ClassReader.java:166)
	at org.springframework.asm.ClassReader.<init>(ClassReader.java:287)
	at org.springframework.core.type.classreading.SimpleMetadataReader.getClassReader(SimpleMetadataReader.java:57)
	... 27 common frames omitted
09.20. 00.36.25 [restartedMain] [INFO] c.e.BlogApplicationBackEndApplication - Starting BlogApplicationBackEndApplication using Java 25.0.4.1 with PID 22552 (D:\Source-Codes\Blog_Application_SourceCode\BlogApplication\Blog_Application_back-end\target\classes started by DELL in D:\Source-Codes\Blog_Application_SourceCode\BlogApplication\Blog_Application_back-end)
09.20. 00.36.25 [restartedMain] [INFO] c.e.BlogApplicationBackEndApplication - No active profile set, falling back to 1 default profile: "default"
09.20. 00.36.26 [restartedMain] [INFO] o.s.d.r.c.RepositoryConfigurationDelegate - Bootstrapping Spring Data JPA repositories in DEFAULT mode.
09.20. 00.36.26 [restartedMain] [INFO] o.s.d.r.c.RepositoryConfigurationDelegate - Finished Spring Data repository scanning in 53 ms. Found 4 JPA repository interfaces.
09.20. 00.36.27 [restartedMain] [INFO] o.s.b.w.e.tomcat.TomcatWebServer - Tomcat initialized with port 8080 (http)
09.20. 00.36.27 [restartedMain] [INFO] o.a.catalina.core.StandardService - Starting service [Tomcat]
09.20. 00.36.27 [restartedMain] [INFO] o.a.catalina.core.StandardEngine - Starting Servlet engine: [Apache Tomcat/10.1.46]
09.20. 00.36.27 [restartedMain] [INFO] o.a.c.c.C.[Tomcat-1].[localhost].[/] - Initializing Spring embedded WebApplicationContext
09.20. 00.36.27 [restartedMain] [INFO] o.s.b.w.s.c.ServletWebServerApplicationContext - Root WebApplicationContext: initialization completed in 1672 ms
09.20. 00.36.27 [restartedMain] [INFO] o.h.jpa.internal.util.LogHelper - HHH000204: Processing PersistenceUnitInfo [name: default]
09.20. 00.36.27 [restartedMain] [INFO] o.h.c.i.RegionFactoryInitiator - HHH000026: Second-level cache disabled
09.20. 00.36.28 [restartedMain] [INFO] o.s.o.j.p.SpringPersistenceUnitInfo - No LoadTimeWeaver setup: ignoring JPA class transformer
09.20. 00.36.28 [restartedMain] [INFO] com.zaxxer.hikari.HikariDataSource - HikariPool-3 - Starting...
09.20. 00.36.28 [restartedMain] [INFO] com.zaxxer.hikari.pool.HikariPool - HikariPool-3 - Added connection com.mysql.cj.jdbc.ConnectionImpl@18dcb919
09.20. 00.36.28 [restartedMain] [INFO] com.zaxxer.hikari.HikariDataSource - HikariPool-3 - Start completed.
09.20. 00.36.28 [restartedMain] [WARN] org.hibernate.orm.deprecation - HHH90000025: MySQL8Dialect does not need to be specified explicitly using 'hibernate.dialect' (remove the property setting and it will be selected by default)
09.20. 00.36.28 [restartedMain] [WARN] org.hibernate.orm.deprecation - HHH90000026: MySQL8Dialect has been deprecated; use org.hibernate.dialect.MySQLDialect instead
09.20. 00.36.28 [restartedMain] [INFO] o.hibernate.orm.connections.pooling - HHH10001005: Database info:
	Database JDBC URL [Connecting through datasource 'HikariDataSource (HikariPool-3)']
	Database driver: undefined/unknown
	Database version: 8.0
	Autocommit mode: undefined/unknown
	Isolation level: undefined/unknown
	Minimum pool size: undefined/unknown
	Maximum pool size: undefined/unknown
09.20. 00.36.36 [restartedMain] [INFO] o.h.e.t.j.p.i.JtaPlatformInitiator - HHH000489: No JTA platform available (set 'hibernate.transaction.jta.platform' to enable JTA platform integration)
09.20. 00.36.37 [restartedMain] [INFO] o.s.o.j.LocalContainerEntityManagerFactoryBean - Initialized JPA EntityManagerFactory for persistence unit 'default'
09.20. 00.36.39 [restartedMain] [INFO] o.s.s.c.a.a.c.InitializeUserDetailsBeanManagerConfigurer$InitializeUserDetailsManagerConfigurer - Global AuthenticationManager configured with UserDetailsService bean with name customUserDetailsService
09.20. 00.36.40 [restartedMain] [WARN] o.s.b.a.o.j.JpaBaseConfiguration$JpaWebConfiguration - spring.jpa.open-in-view is enabled by default. Therefore, database queries may be performed during view rendering. Explicitly configure spring.jpa.open-in-view to disable this warning
09.20. 00.36.41 [restartedMain] [DEBUG] o.s.s.web.DefaultSecurityFilterChain - Will secure any request with filters: DisableEncodeUrlFilter, WebAsyncManagerIntegrationFilter, SecurityContextHolderFilter, HeaderWriterFilter, CorsFilter, LogoutFilter, JwtAuthenticationFilter, RequestCacheAwareFilter, SecurityContextHolderAwareRequestFilter, AnonymousAuthenticationFilter, SessionManagementFilter, ExceptionTranslationFilter, AuthorizationFilter
09.20. 00.36.41 [restartedMain] [INFO] o.s.b.a.h.H2ConsoleAutoConfiguration - H2 console available at '/h2-console'. Database available at 'jdbc:mysql://localhost:3306/db_blog_application'
09.20. 00.36.41 [restartedMain] [WARN] o.s.b.d.a.OptionalLiveReloadServer - Unable to start LiveReload server
09.20. 00.36.41 [restartedMain] [INFO] o.s.b.w.e.tomcat.TomcatWebServer - Tomcat started on port 8080 (http) with context path '/'
09.20. 00.36.41 [restartedMain] [INFO] c.e.BlogApplicationBackEndApplication - Started BlogApplicationBackEndApplication in 16.253 seconds (process running for 63531.839)
09.20. 00.36.42 [restartedMain] [INFO] o.s.b.d.a.ConditionEvaluationDeltaLoggingListener - Condition evaluation unchanged
09.20. 00.37.47 [File Watcher] [INFO] o.s.b.d.a.LocalDevToolsAutoConfiguration$RestartingClassPathChangeChangedEventListener - Restarting due to 45 class path changes (0 additions, 45 deletions, 0 modifications)
09.20. 00.37.48 [Thread-5] [INFO] o.s.b.w.e.tomcat.GracefulShutdown - Commencing graceful shutdown. Waiting for active requests to complete
09.20. 00.37.48 [tomcat-shutdown] [INFO] o.s.b.w.e.tomcat.GracefulShutdown - Graceful shutdown complete
09.20. 00.37.48 [Thread-5] [INFO] o.s.o.j.LocalContainerEntityManagerFactoryBean - Closing JPA EntityManagerFactory for persistence unit 'default'
09.20. 00.37.48 [Thread-5] [INFO] com.zaxxer.hikari.HikariDataSource - HikariPool-3 - Shutdown initiated...
09.20. 00.37.49 [Thread-5] [INFO] com.zaxxer.hikari.HikariDataSource - HikariPool-3 - Shutdown completed.
09.20. 00.37.56 [restartedMain] [INFO] c.e.BlogApplicationBackEndApplication - Starting BlogApplicationBackEndApplication using Java 25.0.4.1 on DESKTOP-ADUUNFN with PID 12220 (D:\Source-Codes\Blog_Application_SourceCode\BlogApplication\Blog_Application_back-end\target\classes started by DELL in D:\Source-Codes\Blog_Application_SourceCode\BlogApplication\Blog_Application_back-end)
09.20. 00.37.56 [restartedMain] [INFO] c.e.BlogApplicationBackEndApplication - No active profile set, falling back to 1 default profile: "default"
09.20. 00.37.56 [restartedMain] [WARN] o.s.b.w.s.c.AnnotationConfigServletWebServerApplicationContext - Exception encountered during context initialization - cancelling refresh attempt: org.springframework.beans.factory.BeanDefinitionStoreException: Failed to read candidate component class: file [D:\Source-Codes\Blog_Application_SourceCode\BlogApplication\Blog_Application_back-end\target\classes\com\example\BlogApplicationBackEndApplication.class]; nested exception is org.springframework.core.NestedIOException: ASM ClassReader failed to parse class file - probably due to a new Java class file version that isn't supported yet: file [D:\Source-Codes\Blog_Application_SourceCode\BlogApplication\Blog_Application_back-end\target\classes\com\example\BlogApplicationBackEndApplication.class]; nested exception is java.lang.IllegalArgumentException: Unsupported class file major version 69
09.20. 00.37.56 [restartedMain] [ERROR] o.s.boot.SpringApplication - Application run failed
org.springframework.beans.factory.BeanDefinitionStoreException: Failed to read candidate component class: file [D:\Source-Codes\Blog_Application_SourceCode\BlogApplication\Blog_Application_back-end\target\classes\com\example\BlogApplicationBackEndApplication.class]; nested exception is org.springframework.core.NestedIOException: ASM ClassReader failed to parse class file - probably due to a new Java class file version that isn't supported yet: file [D:\Source-Codes\Blog_Application_SourceCode\BlogApplication\Blog_Application_back-end\target\classes\com\example\BlogApplicationBackEndApplication.class]; nested exception is java.lang.IllegalArgumentException: Unsupported class file major version 69
	at org.springframework.context.annotation.ClassPathScanningCandidateComponentProvider.scanCandidateComponents(ClassPathScanningCandidateComponentProvider.java:457)
	at org.springframework.context.annotation.ClassPathScanningCandidateComponentProvider.findCandidateComponents(ClassPathScanningCandidateComponentProvider.java:316)
	at org.springframework.context.annotation.ClassPathBeanDefinitionScanner.doScan(ClassPathBeanDefinitionScanner.java:276)
	at org.springframework.context.annotation.ComponentScanAnnotationParser.parse(ComponentScanAnnotationParser.java:128)
	at org.springframework.context.annotation.ConfigurationClassParser.doProcessConfigurationClass(ConfigurationClassParser.java:295)
	at org.springframework.context.annotation.ConfigurationClassParser.processConfigurationClass(ConfigurationClassParser.java:249)
	at org.springframework.context.annotation.ConfigurationClassParser.parse(ConfigurationClassParser.java:206)
	at org.springframework.context.annotation.ConfigurationClassParser.parse(ConfigurationClassParser.java:174)
	at org.springframework.context.annotation.ConfigurationClassPostProcessor.processConfigBeanDefinitions(ConfigurationClassPostProcessor.java:331)
	at org.springframework.context.annotation.ConfigurationClassPostProcessor.postProcessBeanDefinitionRegistry(ConfigurationClassPostProcessor.java:247)
	at org.springframework.context.support.PostProcessorRegistrationDelegate.invokeBeanDefinitionRegistryPostProcessors(PostProcessorRegistrationDelegate.java:311)
	at org.springframework.context.support.PostProcessorRegistrationDelegate.invokeBeanFactoryPostProcessors(PostProcessorRegistrationDelegate.java:112)
	at org.springframework.context.support.AbstractApplicationContext.invokeBeanFactoryPostProcessors(AbstractApplicationContext.java:746)
	at org.springframework.context.support.AbstractApplicationContext.refresh(AbstractApplicationContext.java:564)
	at org.springframework.boot.web.servlet.context.ServletWebServerApplicationContext.refresh(ServletWebServerApplicationContext.java:147)
	at org.springframework.boot.SpringApplication.refresh(SpringApplication.java:731)
	at org.springframework.boot.SpringApplication.refreshContext(SpringApplication.java:408)
	at org.springframework.boot.SpringApplication.run(SpringApplication.java:307)
	at org.springframework.boot.SpringApplication.run(SpringApplication.java:1303)
	at org.springframework.boot.SpringApplication.run(SpringApplication.java:1292)
	at com.example.BlogApplicationBackEndApplication.main(BlogApplicationBackEndApplication.java:24)
	at java.base/jdk.internal.reflect.DirectMethodHandleAccessor.invoke(DirectMethodHandleAccessor.java:104)
	at java.base/java.lang.reflect.Method.invoke(Method.java:565)
	at org.springframework.boot.devtools.restart.RestartLauncher.run(RestartLauncher.java:49)
Caused by: org.springframework.core.NestedIOException: ASM ClassReader failed to parse class file - probably due to a new Java class file version that isn't supported yet: file [D:\Source-Codes\Blog_Application_SourceCode\BlogApplication\Blog_Application_back-end\target\classes\com\example\BlogApplicationBackEndApplication.class]; nested exception is java.lang.IllegalArgumentException: Unsupported class file major version 69
	at org.springframework.core.type.classreading.SimpleMetadataReader.getClassReader(SimpleMetadataReader.java:60)
	at org.springframework.core.type.classreading.SimpleMetadataReader.<init>(SimpleMetadataReader.java:48)
	at org.springframework.core.type.classreading.SimpleMetadataReaderFactory.getMetadataReader(SimpleMetadataReaderFactory.java:103)
	at org.springframework.core.type.classreading.CachingMetadataReaderFactory.getMetadataReader(CachingMetadataReaderFactory.java:123)
	at org.springframework.context.annotation.ClassPathScanningCandidateComponentProvider.scanCandidateComponents(ClassPathScanningCandidateComponentProvider.java:429)
	... 23 common frames omitted
Caused by: java.lang.IllegalArgumentException: Unsupported class file major version 69
	at org.springframework.asm.ClassReader.<init>(ClassReader.java:199)
	at org.springframework.asm.ClassReader.<init>(ClassReader.java:180)
	at org.springframework.asm.ClassReader.<init>(ClassReader.java:166)
	at org.springframework.asm.ClassReader.<init>(ClassReader.java:287)
	at org.springframework.core.type.classreading.SimpleMetadataReader.getClassReader(SimpleMetadataReader.java:57)
	... 27 common frames omitted
09.20. 00.37.57 [restartedMain] [INFO] c.e.BlogApplicationBackEndApplication - Starting BlogApplicationBackEndApplication using Java 25.0.4.1 with PID 22552 (D:\Source-Codes\Blog_Application_SourceCode\BlogApplication\Blog_Application_back-end\target\classes started by DELL in D:\Source-Codes\Blog_Application_SourceCode\BlogApplication\Blog_Application_back-end)
09.20. 00.37.57 [restartedMain] [INFO] c.e.BlogApplicationBackEndApplication - No active profile set, falling back to 1 default profile: "default"
09.20. 00.37.58 [restartedMain] [INFO] o.s.d.r.c.RepositoryConfigurationDelegate - Bootstrapping Spring Data JPA repositories in DEFAULT mode.
09.20. 00.37.58 [restartedMain] [INFO] o.s.d.r.c.RepositoryConfigurationDelegate - Finished Spring Data repository scanning in 85 ms. Found 4 JPA repository interfaces.
09.20. 00.37.58 [restartedMain] [INFO] o.s.b.w.e.tomcat.TomcatWebServer - Tomcat initialized with port 8080 (http)
09.20. 00.37.58 [restartedMain] [INFO] o.a.catalina.core.StandardService - Starting service [Tomcat]
09.20. 00.37.58 [restartedMain] [INFO] o.a.catalina.core.StandardEngine - Starting Servlet engine: [Apache Tomcat/10.1.46]
09.20. 00.37.58 [restartedMain] [INFO] o.a.c.c.C.[Tomcat-2].[localhost].[/] - Initializing Spring embedded WebApplicationContext
09.20. 00.37.58 [restartedMain] [INFO] o.s.b.w.s.c.ServletWebServerApplicationContext - Root WebApplicationContext: initialization completed in 1257 ms
09.20. 00.37.58 [restartedMain] [INFO] o.h.jpa.internal.util.LogHelper - HHH000204: Processing PersistenceUnitInfo [name: default]
09.20. 00.37.58 [restartedMain] [INFO] o.h.c.i.RegionFactoryInitiator - HHH000026: Second-level cache disabled
09.20. 00.37.58 [restartedMain] [INFO] o.s.o.j.p.SpringPersistenceUnitInfo - No LoadTimeWeaver setup: ignoring JPA class transformer
09.20. 00.37.58 [restartedMain] [INFO] com.zaxxer.hikari.HikariDataSource - HikariPool-5 - Starting...
09.20. 00.37.58 [restartedMain] [INFO] com.zaxxer.hikari.pool.HikariPool - HikariPool-5 - Added connection com.mysql.cj.jdbc.ConnectionImpl@7eefcbb2
09.20. 00.37.58 [restartedMain] [INFO] com.zaxxer.hikari.HikariDataSource - HikariPool-5 - Start completed.
09.20. 00.37.58 [restartedMain] [WARN] org.hibernate.orm.deprecation - HHH90000025: MySQL8Dialect does not need to be specified explicitly using 'hibernate.dialect' (remove the property setting and it will be selected by default)
09.20. 00.37.58 [restartedMain] [WARN] org.hibernate.orm.deprecation - HHH90000026: MySQL8Dialect has been deprecated; use org.hibernate.dialect.MySQLDialect instead
09.20. 00.37.58 [restartedMain] [INFO] o.hibernate.orm.connections.pooling - HHH10001005: Database info:
	Database JDBC URL [Connecting through datasource 'HikariDataSource (HikariPool-5)']
	Database driver: undefined/unknown
	Database version: 8.0
	Autocommit mode: undefined/unknown
	Isolation level: undefined/unknown
	Minimum pool size: undefined/unknown
	Maximum pool size: undefined/unknown
09.20. 00.37.58 [restartedMain] [INFO] o.h.e.t.j.p.i.JtaPlatformInitiator - HHH000489: No JTA platform available (set 'hibernate.transaction.jta.platform' to enable JTA platform integration)
09.20. 00.37.59 [restartedMain] [INFO] o.s.o.j.LocalContainerEntityManagerFactoryBean - Initialized JPA EntityManagerFactory for persistence unit 'default'
09.20. 00.37.59 [restartedMain] [INFO] o.s.s.c.a.a.c.InitializeUserDetailsBeanManagerConfigurer$InitializeUserDetailsManagerConfigurer - Global AuthenticationManager configured with UserDetailsService bean with name customUserDetailsService
09.20. 00.37.59 [restartedMain] [WARN] o.s.b.a.o.j.JpaBaseConfiguration$JpaWebConfiguration - spring.jpa.open-in-view is enabled by default. Therefore, database queries may be performed during view rendering. Explicitly configure spring.jpa.open-in-view to disable this warning
09.20. 00.37.59 [restartedMain] [DEBUG] o.s.s.web.DefaultSecurityFilterChain - Will secure any request with filters: DisableEncodeUrlFilter, WebAsyncManagerIntegrationFilter, SecurityContextHolderFilter, HeaderWriterFilter, CorsFilter, LogoutFilter, JwtAuthenticationFilter, RequestCacheAwareFilter, SecurityContextHolderAwareRequestFilter, AnonymousAuthenticationFilter, SessionManagementFilter, ExceptionTranslationFilter, AuthorizationFilter
09.20. 00.37.59 [restartedMain] [INFO] o.s.b.a.h.H2ConsoleAutoConfiguration - H2 console available at '/h2-console'. Database available at 'jdbc:mysql://localhost:3306/db_blog_application'
09.20. 00.37.59 [restartedMain] [WARN] o.s.b.d.a.OptionalLiveReloadServer - Unable to start LiveReload server
09.20. 00.37.59 [restartedMain] [INFO] o.s.b.w.e.tomcat.TomcatWebServer - Tomcat started on port 8080 (http) with context path '/'
09.20. 00.37.59 [restartedMain] [INFO] c.e.BlogApplicationBackEndApplication - Started BlogApplicationBackEndApplication in 2.758 seconds (process running for 63609.783)
09.20. 00.37.59 [restartedMain] [INFO] o.s.b.d.a.ConditionEvaluationDeltaLoggingListener - Condition evaluation unchanged
09.20. 00.38.00 [main] [INFO] o.s.t.c.s.AnnotationConfigContextLoaderUtils - Could not detect default configuration classes for test class [com.example.BlogApplicationBackEndApplicationTests]: BlogApplicationBackEndApplicationTests does not declare any static, non-private, non-final, nested classes annotated with @Configuration.
09.20. 00.38.01 [main] [INFO] o.s.b.t.c.SpringBootTestContextBootstrapper - Found @SpringBootConfiguration com.example.BlogApplicationBackEndApplication for test class com.example.BlogApplicationBackEndApplicationTests
09.20. 00.38.01 [main] [INFO] o.s.b.d.r.RestartApplicationListener - Restart disabled due to context in which it is running
09.20. 00.38.01 [background-preinit] [INFO] o.h.validator.internal.util.Version - HV000001: Hibernate Validator 8.0.3.Final
09.20. 00.38.01 [main] [INFO] c.e.BlogApplicationBackEndApplicationTests - Starting BlogApplicationBackEndApplicationTests using Java 25.0.4.1 with PID 16064 (started by DELL in D:\Source-Codes\Blog_Application_SourceCode\BlogApplication\Blog_Application_back-end)
09.20. 00.38.01 [main] [INFO] c.e.BlogApplicationBackEndApplicationTests - No active profile set, falling back to 1 default profile: "default"
09.20. 00.38.03 [main] [INFO] o.s.d.r.c.RepositoryConfigurationDelegate - Bootstrapping Spring Data JPA repositories in DEFAULT mode.
09.20. 00.38.04 [main] [INFO] o.s.d.r.c.RepositoryConfigurationDelegate - Finished Spring Data repository scanning in 122 ms. Found 4 JPA repository interfaces.
09.20. 00.38.05 [main] [INFO] o.h.jpa.internal.util.LogHelper - HHH000204: Processing PersistenceUnitInfo [name: default]
09.20. 00.38.05 [main] [INFO] org.hibernate.Version - HHH000412: Hibernate ORM core version 6.6.29.Final
09.20. 00.38.05 [main] [INFO] o.h.c.i.RegionFactoryInitiator - HHH000026: Second-level cache disabled
09.20. 00.38.06 [main] [INFO] o.s.o.j.p.SpringPersistenceUnitInfo - No LoadTimeWeaver setup: ignoring JPA class transformer
09.20. 00.38.06 [main] [INFO] com.zaxxer.hikari.HikariDataSource - HikariPool-1 - Starting...
09.20. 00.38.07 [main] [INFO] com.zaxxer.hikari.pool.HikariPool - HikariPool-1 - Added connection com.mysql.cj.jdbc.ConnectionImpl@4f8900b0
09.20. 00.38.07 [main] [INFO] com.zaxxer.hikari.HikariDataSource - HikariPool-1 - Start completed.
09.20. 00.38.07 [main] [WARN] org.hibernate.orm.deprecation - HHH90000025: MySQL8Dialect does not need to be specified explicitly using 'hibernate.dialect' (remove the property setting and it will be selected by default)
09.20. 00.38.07 [main] [WARN] org.hibernate.orm.deprecation - HHH90000026: MySQL8Dialect has been deprecated; use org.hibernate.dialect.MySQLDialect instead
09.20. 00.38.07 [main] [INFO] o.hibernate.orm.connections.pooling - HHH10001005: Database info:
	Database JDBC URL [Connecting through datasource 'HikariDataSource (HikariPool-1)']
	Database driver: undefined/unknown
	Database version: 8.0
	Autocommit mode: undefined/unknown
	Isolation level: undefined/unknown
	Minimum pool size: undefined/unknown
	Maximum pool size: undefined/unknown
09.20. 00.38.09 [main] [INFO] o.h.e.t.j.p.i.JtaPlatformInitiator - HHH000489: No JTA platform available (set 'hibernate.transaction.jta.platform' to enable JTA platform integration)
09.20. 00.38.09 [main] [INFO] o.s.o.j.LocalContainerEntityManagerFactoryBean - Initialized JPA EntityManagerFactory for persistence unit 'default'
09.20. 00.38.10 [main] [INFO] o.s.s.c.a.a.c.InitializeUserDetailsBeanManagerConfigurer$InitializeUserDetailsManagerConfigurer - Global AuthenticationManager configured with UserDetailsService bean with name customUserDetailsService
09.20. 00.38.10 [main] [WARN] o.s.b.a.o.j.JpaBaseConfiguration$JpaWebConfiguration - spring.jpa.open-in-view is enabled by default. Therefore, database queries may be performed during view rendering. Explicitly configure spring.jpa.open-in-view to disable this warning
09.20. 00.38.11 [main] [DEBUG] o.s.s.web.DefaultSecurityFilterChain - Will secure any request with filters: DisableEncodeUrlFilter, WebAsyncManagerIntegrationFilter, SecurityContextHolderFilter, HeaderWriterFilter, CorsFilter, LogoutFilter, JwtAuthenticationFilter, RequestCacheAwareFilter, SecurityContextHolderAwareRequestFilter, AnonymousAuthenticationFilter, SessionManagementFilter, ExceptionTranslationFilter, AuthorizationFilter
09.20. 00.38.12 [main] [INFO] c.e.BlogApplicationBackEndApplicationTests - Started BlogApplicationBackEndApplicationTests in 10.728 seconds (process running for 13.636)
09.20. 00.38.13 [main] [INFO] c.e.services.impl.UserServiceImpl - Initiating the dao call to create a User
09.20. 00.38.13 [SpringApplicationShutdownHook] [INFO] o.s.o.j.LocalContainerEntityManagerFactoryBean - Closing JPA EntityManagerFactory for persistence unit 'default'
09.20. 00.38.13 [SpringApplicationShutdownHook] [INFO] com.zaxxer.hikari.HikariDataSource - HikariPool-1 - Shutdown initiated...
09.20. 00.38.13 [SpringApplicationShutdownHook] [INFO] com.zaxxer.hikari.HikariDataSource - HikariPool-1 - Shutdown completed.
09.20. 00.38.29 [File Watcher] [INFO] o.s.b.d.a.LocalDevToolsAutoConfiguration$RestartingClassPathChangeChangedEventListener - Restarting due to 1 class path change (0 additions, 0 deletions, 1 modification)
09.20. 00.38.29 [Thread-13] [INFO] o.s.b.w.e.tomcat.GracefulShutdown - Commencing graceful shutdown. Waiting for active requests to complete
09.20. 00.38.29 [tomcat-shutdown] [INFO] o.s.b.w.e.tomcat.GracefulShutdown - Graceful shutdown complete
09.20. 00.38.29 [Thread-13] [INFO] o.s.o.j.LocalContainerEntityManagerFactoryBean - Closing JPA EntityManagerFactory for persistence unit 'default'
09.20. 00.38.29 [Thread-13] [INFO] com.zaxxer.hikari.HikariDataSource - HikariPool-5 - Shutdown initiated...
09.20. 00.38.29 [Thread-13] [INFO] com.zaxxer.hikari.HikariDataSource - HikariPool-5 - Shutdown completed.
09.20. 00.38.30 [restartedMain] [INFO] c.e.BlogApplicationBackEndApplication - Starting BlogApplicationBackEndApplication using Java 25.0.4.1 on DESKTOP-ADUUNFN with PID 12220 (D:\Source-Codes\Blog_Application_SourceCode\BlogApplication\Blog_Application_back-end\target\classes started by DELL in D:\Source-Codes\Blog_Application_SourceCode\BlogApplication\Blog_Application_back-end)
09.20. 00.38.30 [restartedMain] [INFO] c.e.BlogApplicationBackEndApplication - No active profile set, falling back to 1 default profile: "default"
09.20. 00.38.30 [restartedMain] [INFO] c.e.BlogApplicationBackEndApplication - Starting BlogApplicationBackEndApplication using Java 25.0.4.1 with PID 22552 (D:\Source-Codes\Blog_Application_SourceCode\BlogApplication\Blog_Application_back-end\target\classes started by DELL in D:\Source-Codes\Blog_Application_SourceCode\BlogApplication\Blog_Application_back-end)
09.20. 00.38.30 [restartedMain] [INFO] c.e.BlogApplicationBackEndApplication - No active profile set, falling back to 1 default profile: "default"
09.20. 00.38.30 [restartedMain] [WARN] o.s.b.w.s.c.AnnotationConfigServletWebServerApplicationContext - Exception encountered during context initialization - cancelling refresh attempt: org.springframework.beans.factory.BeanDefinitionStoreException: Failed to read candidate component class: file [D:\Source-Codes\Blog_Application_SourceCode\BlogApplication\Blog_Application_back-end\target\classes\com\example\BlogApplicationBackEndApplication.class]; nested exception is org.springframework.core.NestedIOException: ASM ClassReader failed to parse class file - probably due to a new Java class file version that isn't supported yet: file [D:\Source-Codes\Blog_Application_SourceCode\BlogApplication\Blog_Application_back-end\target\classes\com\example\BlogApplicationBackEndApplication.class]; nested exception is java.lang.IllegalArgumentException: Unsupported class file major version 69
09.20. 00.38.30 [restartedMain] [ERROR] o.s.boot.SpringApplication - Application run failed
org.springframework.beans.factory.BeanDefinitionStoreException: Failed to read candidate component class: file [D:\Source-Codes\Blog_Application_SourceCode\BlogApplication\Blog_Application_back-end\target\classes\com\example\BlogApplicationBackEndApplication.class]; nested exception is org.springframework.core.NestedIOException: ASM ClassReader failed to parse class file - probably due to a new Java class file version that isn't supported yet: file [D:\Source-Codes\Blog_Application_SourceCode\BlogApplication\Blog_Application_back-end\target\classes\com\example\BlogApplicationBackEndApplication.class]; nested exception is java.lang.IllegalArgumentException: Unsupported class file major version 69
	at org.springframework.context.annotation.ClassPathScanningCandidateComponentProvider.scanCandidateComponents(ClassPathScanningCandidateComponentProvider.java:457)
	at org.springframework.context.annotation.ClassPathScanningCandidateComponentProvider.findCandidateComponents(ClassPathScanningCandidateComponentProvider.java:316)
	at org.springframework.context.annotation.ClassPathBeanDefinitionScanner.doScan(ClassPathBeanDefinitionScanner.java:276)
	at org.springframework.context.annotation.ComponentScanAnnotationParser.parse(ComponentScanAnnotationParser.java:128)
	at org.springframework.context.annotation.ConfigurationClassParser.doProcessConfigurationClass(ConfigurationClassParser.java:295)
	at org.springframework.context.annotation.ConfigurationClassParser.processConfigurationClass(ConfigurationClassParser.java:249)
	at org.springframework.context.annotation.ConfigurationClassParser.parse(ConfigurationClassParser.java:206)
	at org.springframework.context.annotation.ConfigurationClassParser.parse(ConfigurationClassParser.java:174)
	at org.springframework.context.annotation.ConfigurationClassPostProcessor.processConfigBeanDefinitions(ConfigurationClassPostProcessor.java:331)
	at org.springframework.context.annotation.ConfigurationClassPostProcessor.postProcessBeanDefinitionRegistry(ConfigurationClassPostProcessor.java:247)
	at org.springframework.context.support.PostProcessorRegistrationDelegate.invokeBeanDefinitionRegistryPostProcessors(PostProcessorRegistrationDelegate.java:311)
	at org.springframework.context.support.PostProcessorRegistrationDelegate.invokeBeanFactoryPostProcessors(PostProcessorRegistrationDelegate.java:112)
	at org.springframework.context.support.AbstractApplicationContext.invokeBeanFactoryPostProcessors(AbstractApplicationContext.java:746)
	at org.springframework.context.support.AbstractApplicationContext.refresh(AbstractApplicationContext.java:564)
	at org.springframework.boot.web.servlet.context.ServletWebServerApplicationContext.refresh(ServletWebServerApplicationContext.java:147)
	at org.springframework.boot.SpringApplication.refresh(SpringApplication.java:731)
	at org.springframework.boot.SpringApplication.refreshContext(SpringApplication.java:408)
	at org.springframework.boot.SpringApplication.run(SpringApplication.java:307)
	at org.springframework.boot.SpringApplication.run(SpringApplication.java:1303)
	at org.springframework.boot.SpringApplication.run(SpringApplication.java:1292)
	at com.example.BlogApplicationBackEndApplication.main(BlogApplicationBackEndApplication.java:24)
	at java.base/jdk.internal.reflect.DirectMethodHandleAccessor.invoke(DirectMethodHandleAccessor.java:104)
	at java.base/java.lang.reflect.Method.invoke(Method.java:565)
	at org.springframework.boot.devtools.restart.RestartLauncher.run(RestartLauncher.java:49)
Caused by: org.springframework.core.NestedIOException: ASM ClassReader failed to parse class file - probably due to a new Java class file version that isn't supported yet: file [D:\Source-Codes\Blog_Application_SourceCode\BlogApplication\Blog_Application_back-end\target\classes\com\example\BlogApplicationBackEndApplication.class]; nested exception is java.lang.IllegalArgumentException: Unsupported class file major version 69
	at org.springframework.core.type.classreading.SimpleMetadataReader.getClassReader(SimpleMetadataReader.java:60)
	at org.springframework.core.type.classreading.SimpleMetadataReader.<init>(SimpleMetadataReader.java:48)
	at org.springframework.core.type.classreading.SimpleMetadataReaderFactory.getMetadataReader(SimpleMetadataReaderFactory.java:103)
	at org.springframework.core.type.classreading.CachingMetadataReaderFactory.getMetadataReader(CachingMetadataReaderFactory.java:123)
	at org.springframework.context.annotation.ClassPathScanningCandidateComponentProvider.scanCandidateComponents(ClassPathScanningCandidateComponentProvider.java:429)
	... 23 common frames omitted
Caused by: java.lang.IllegalArgumentException: Unsupported class file major version 69
	at org.springframework.asm.ClassReader.<init>(ClassReader.java:199)
	at org.springframework.asm.ClassReader.<init>(ClassReader.java:180)
	at org.springframework.asm.ClassReader.<init>(ClassReader.java:166)
	at org.springframework.asm.ClassReader.<init>(ClassReader.java:287)
	at org.springframework.core.type.classreading.SimpleMetadataReader.getClassReader(SimpleMetadataReader.java:57)
	... 27 common frames omitted
09.20. 00.38.31 [restartedMain] [INFO] o.s.d.r.c.RepositoryConfigurationDelegate - Bootstrapping Spring Data JPA repositories in DEFAULT mode.
09.20. 00.38.31 [restartedMain] [INFO] o.s.d.r.c.RepositoryConfigurationDelegate - Finished Spring Data repository scanning in 68 ms. Found 4 JPA repository interfaces.
09.20. 00.38.31 [restartedMain] [INFO] o.s.b.w.e.tomcat.TomcatWebServer - Tomcat initialized with port 8080 (http)
09.20. 00.38.31 [restartedMain] [INFO] o.a.catalina.core.StandardService - Starting service [Tomcat]
09.20. 00.38.31 [restartedMain] [INFO] o.a.catalina.core.StandardEngine - Starting Servlet engine: [Apache Tomcat/10.1.46]
09.20. 00.38.31 [restartedMain] [INFO] o.a.c.c.C.[Tomcat-2].[localhost].[/] - Initializing Spring embedded WebApplicationContext
09.20. 00.38.31 [restartedMain] [INFO] o.s.b.w.s.c.ServletWebServerApplicationContext - Root WebApplicationContext: initialization completed in 890 ms
09.20. 00.38.31 [restartedMain] [INFO] o.h.jpa.internal.util.LogHelper - HHH000204: Processing PersistenceUnitInfo [name: default]
09.20. 00.38.31 [restartedMain] [INFO] o.h.c.i.RegionFactoryInitiator - HHH000026: Second-level cache disabled
09.20. 00.38.31 [restartedMain] [INFO] o.s.o.j.p.SpringPersistenceUnitInfo - No LoadTimeWeaver setup: ignoring JPA class transformer
09.20. 00.38.31 [restartedMain] [INFO] com.zaxxer.hikari.HikariDataSource - HikariPool-6 - Starting...
09.20. 00.38.31 [restartedMain] [INFO] com.zaxxer.hikari.pool.HikariPool - HikariPool-6 - Added connection com.mysql.cj.jdbc.ConnectionImpl@be7f0ab
09.20. 00.38.31 [restartedMain] [INFO] com.zaxxer.hikari.HikariDataSource - HikariPool-6 - Start completed.
09.20. 00.38.31 [restartedMain] [WARN] org.hibernate.orm.deprecation - HHH90000025: MySQL8Dialect does not need to be specified explicitly using 'hibernate.dialect' (remove the property setting and it will be selected by default)
09.20. 00.38.31 [restartedMain] [WARN] org.hibernate.orm.deprecation - HHH90000026: MySQL8Dialect has been deprecated; use org.hibernate.dialect.MySQLDialect instead
09.20. 00.38.31 [restartedMain] [INFO] o.hibernate.orm.connections.pooling - HHH10001005: Database info:
	Database JDBC URL [Connecting through datasource 'HikariDataSource (HikariPool-6)']
	Database driver: undefined/unknown
	Database version: 8.0
	Autocommit mode: undefined/unknown
	Isolation level: undefined/unknown
	Minimum pool size: undefined/unknown
	Maximum pool size: undefined/unknown
09.20. 00.38.32 [restartedMain] [INFO] o.h.e.t.j.p.i.JtaPlatformInitiator - HHH000489: No JTA platform available (set 'hibernate.transaction.jta.platform' to enable JTA platform integration)
09.20. 00.38.32 [restartedMain] [INFO] o.s.o.j.LocalContainerEntityManagerFactoryBean - Initialized JPA EntityManagerFactory for persistence unit 'default'
09.20. 00.38.32 [restartedMain] [INFO] o.s.s.c.a.a.c.InitializeUserDetailsBeanManagerConfigurer$InitializeUserDetailsManagerConfigurer - Global AuthenticationManager configured with UserDetailsService bean with name customUserDetailsService
09.20. 00.38.32 [restartedMain] [WARN] o.s.b.a.o.j.JpaBaseConfiguration$JpaWebConfiguration - spring.jpa.open-in-view is enabled by default. Therefore, database queries may be performed during view rendering. Explicitly configure spring.jpa.open-in-view to disable this warning
09.20. 00.38.32 [restartedMain] [DEBUG] o.s.s.web.DefaultSecurityFilterChain - Will secure any request with filters: DisableEncodeUrlFilter, WebAsyncManagerIntegrationFilter, SecurityContextHolderFilter, HeaderWriterFilter, CorsFilter, LogoutFilter, JwtAuthenticationFilter, RequestCacheAwareFilter, SecurityContextHolderAwareRequestFilter, AnonymousAuthenticationFilter, SessionManagementFilter, ExceptionTranslationFilter, AuthorizationFilter
09.20. 00.38.32 [restartedMain] [INFO] o.s.b.a.h.H2ConsoleAutoConfiguration - H2 console available at '/h2-console'. Database available at 'jdbc:mysql://localhost:3306/db_blog_application'
09.20. 00.38.32 [restartedMain] [WARN] o.s.b.d.a.OptionalLiveReloadServer - Unable to start LiveReload server
09.20. 00.38.32 [restartedMain] [INFO] o.s.b.w.e.tomcat.TomcatWebServer - Tomcat started on port 8080 (http) with context path '/'
09.20. 00.38.32 [restartedMain] [INFO] c.e.BlogApplicationBackEndApplication - Started BlogApplicationBackEndApplication in 2.275 seconds (process running for 63642.635)
09.20. 00.38.32 [restartedMain] [INFO] o.s.b.d.a.ConditionEvaluationDeltaLoggingListener - Condition evaluation unchanged
09.20. 00.38.46 [main] [INFO] o.s.t.c.s.AnnotationConfigContextLoaderUtils - Could not detect default configuration classes for test class [com.example.BlogApplicationBackEndApplicationTests]: BlogApplicationBackEndApplicationTests does not declare any static, non-private, non-final, nested classes annotated with @Configuration.
09.20. 00.38.46 [main] [INFO] o.s.b.t.c.SpringBootTestContextBootstrapper - Found @SpringBootConfiguration com.example.BlogApplicationBackEndApplication for test class com.example.BlogApplicationBackEndApplicationTests
09.20. 00.38.46 [main] [INFO] o.s.b.d.r.RestartApplicationListener - Restart disabled due to context in which it is running
09.20. 00.38.47 [background-preinit] [INFO] o.h.validator.internal.util.Version - HV000001: Hibernate Validator 8.0.3.Final
09.20. 00.38.47 [main] [INFO] c.e.BlogApplicationBackEndApplicationTests - Starting BlogApplicationBackEndApplicationTests using Java 25.0.4.1 with PID 18152 (started by DELL in D:\Source-Codes\Blog_Application_SourceCode\BlogApplication\Blog_Application_back-end)
09.20. 00.38.47 [main] [INFO] c.e.BlogApplicationBackEndApplicationTests - No active profile set, falling back to 1 default profile: "default"
09.20. 00.38.48 [main] [INFO] o.s.d.r.c.RepositoryConfigurationDelegate - Bootstrapping Spring Data JPA repositories in DEFAULT mode.
09.20. 00.38.48 [main] [INFO] o.s.d.r.c.RepositoryConfigurationDelegate - Finished Spring Data repository scanning in 105 ms. Found 4 JPA repository interfaces.
09.20. 00.38.50 [main] [INFO] o.h.jpa.internal.util.LogHelper - HHH000204: Processing PersistenceUnitInfo [name: default]
09.20. 00.38.50 [main] [INFO] org.hibernate.Version - HHH000412: Hibernate ORM core version 6.6.29.Final
09.20. 00.38.50 [main] [INFO] o.h.c.i.RegionFactoryInitiator - HHH000026: Second-level cache disabled
09.20. 00.38.51 [main] [INFO] o.s.o.j.p.SpringPersistenceUnitInfo - No LoadTimeWeaver setup: ignoring JPA class transformer
09.20. 00.38.51 [main] [INFO] com.zaxxer.hikari.HikariDataSource - HikariPool-1 - Starting...
09.20. 00.38.51 [main] [INFO] com.zaxxer.hikari.pool.HikariPool - HikariPool-1 - Added connection com.mysql.cj.jdbc.ConnectionImpl@29188050
09.20. 00.38.51 [main] [INFO] com.zaxxer.hikari.HikariDataSource - HikariPool-1 - Start completed.
09.20. 00.38.51 [main] [WARN] org.hibernate.orm.deprecation - HHH90000025: MySQL8Dialect does not need to be specified explicitly using 'hibernate.dialect' (remove the property setting and it will be selected by default)
09.20. 00.38.51 [main] [WARN] org.hibernate.orm.deprecation - HHH90000026: MySQL8Dialect has been deprecated; use org.hibernate.dialect.MySQLDialect instead
09.20. 00.38.51 [main] [INFO] o.hibernate.orm.connections.pooling - HHH10001005: Database info:
	Database JDBC URL [Connecting through datasource 'HikariDataSource (HikariPool-1)']
	Database driver: undefined/unknown
	Database version: 8.0
	Autocommit mode: undefined/unknown
	Isolation level: undefined/unknown
	Minimum pool size: undefined/unknown
	Maximum pool size: undefined/unknown
09.20. 00.38.53 [main] [INFO] o.h.e.t.j.p.i.JtaPlatformInitiator - HHH000489: No JTA platform available (set 'hibernate.transaction.jta.platform' to enable JTA platform integration)
09.20. 00.38.53 [main] [INFO] o.s.o.j.LocalContainerEntityManagerFactoryBean - Initialized JPA EntityManagerFactory for persistence unit 'default'
09.20. 00.38.54 [main] [INFO] o.s.s.c.a.a.c.InitializeUserDetailsBeanManagerConfigurer$InitializeUserDetailsManagerConfigurer - Global AuthenticationManager configured with UserDetailsService bean with name customUserDetailsService
09.20. 00.38.54 [main] [WARN] o.s.b.a.o.j.JpaBaseConfiguration$JpaWebConfiguration - spring.jpa.open-in-view is enabled by default. Therefore, database queries may be performed during view rendering. Explicitly configure spring.jpa.open-in-view to disable this warning
09.20. 00.38.54 [main] [DEBUG] o.s.s.web.DefaultSecurityFilterChain - Will secure any request with filters: DisableEncodeUrlFilter, WebAsyncManagerIntegrationFilter, SecurityContextHolderFilter, HeaderWriterFilter, CorsFilter, LogoutFilter, JwtAuthenticationFilter, RequestCacheAwareFilter, SecurityContextHolderAwareRequestFilter, AnonymousAuthenticationFilter, SessionManagementFilter, ExceptionTranslationFilter, AuthorizationFilter
09.20. 00.38.55 [main] [INFO] c.e.BlogApplicationBackEndApplicationTests - Started BlogApplicationBackEndApplicationTests in 8.632 seconds (process running for 10.361)
09.20. 00.38.56 [main] [INFO] c.e.services.impl.UserServiceImpl - Initiating the dao call to create a User
09.20. 00.38.56 [main] [INFO] c.e.services.impl.UserServiceImpl - Completed the dao call to create a User
09.20. 00.38.56 [SpringApplicationShutdownHook] [INFO] o.s.o.j.LocalContainerEntityManagerFactoryBean - Closing JPA EntityManagerFactory for persistence unit 'default'
09.20. 00.38.56 [SpringApplicationShutdownHook] [INFO] com.zaxxer.hikari.HikariDataSource - HikariPool-1 - Shutdown initiated...
09.20. 00.38.56 [SpringApplicationShutdownHook] [INFO] com.zaxxer.hikari.HikariDataSource - HikariPool-1 - Shutdown completed.
09.20. 00.39.48 [File Watcher] [INFO] o.s.b.d.a.LocalDevToolsAutoConfiguration$RestartingClassPathChangeChangedEventListener - Restarting due to 5 class path changes (0 additions, 0 deletions, 5 modifications)
09.20. 00.39.48 [Thread-20] [INFO] o.s.b.w.e.tomcat.GracefulShutdown - Commencing graceful shutdown. Waiting for active requests to complete
09.20. 00.39.48 [tomcat-shutdown] [INFO] o.s.b.w.e.tomcat.GracefulShutdown - Graceful shutdown complete
09.20. 00.39.48 [Thread-20] [INFO] o.s.o.j.LocalContainerEntityManagerFactoryBean - Closing JPA EntityManagerFactory for persistence unit 'default'
09.20. 00.39.48 [Thread-20] [INFO] com.zaxxer.hikari.HikariDataSource - HikariPool-6 - Shutdown initiated...
09.20. 00.39.48 [Thread-20] [INFO] com.zaxxer.hikari.HikariDataSource - HikariPool-6 - Shutdown completed.
09.20. 00.39.48 [restartedMain] [INFO] c.e.BlogApplicationBackEndApplication - Starting BlogApplicationBackEndApplication using Java 25.0.4.1 with PID 22552 (D:\Source-Codes\Blog_Application_SourceCode\BlogApplication\Blog_Application_back-end\target\classes started by DELL in D:\Source-Codes\Blog_Application_SourceCode\BlogApplication\Blog_Application_back-end)
09.20. 00.39.48 [restartedMain] [INFO] c.e.BlogApplicationBackEndApplication - No active profile set, falling back to 1 default profile: "default"
09.20. 00.39.48 [restartedMain] [INFO] c.e.BlogApplicationBackEndApplication - Starting BlogApplicationBackEndApplication using Java 25.0.4.1 on DESKTOP-ADUUNFN with PID 12220 (D:\Source-Codes\Blog_Application_SourceCode\BlogApplication\Blog_Application_back-end\target\classes started by DELL in D:\Source-Codes\Blog_Application_SourceCode\BlogApplication\Blog_Application_back-end)
09.20. 00.39.48 [restartedMain] [INFO] c.e.BlogApplicationBackEndApplication - No active profile set, falling back to 1 default profile: "default"
09.20. 00.39.48 [restartedMain] [INFO] o.s.d.r.c.RepositoryConfigurationDelegate - Bootstrapping Spring Data JPA repositories in DEFAULT mode.
09.20. 00.39.48 [restartedMain] [WARN] o.s.b.w.s.c.AnnotationConfigServletWebServerApplicationContext - Exception encountered during context initialization - cancelling refresh attempt: org.springframework.beans.factory.BeanDefinitionStoreException: Failed to read candidate component class: file [D:\Source-Codes\Blog_Application_SourceCode\BlogApplication\Blog_Application_back-end\target\classes\com\example\BlogApplicationBackEndApplication.class]; nested exception is org.springframework.core.NestedIOException: ASM ClassReader failed to parse class file - probably due to a new Java class file version that isn't supported yet: file [D:\Source-Codes\Blog_Application_SourceCode\BlogApplication\Blog_Application_back-end\target\classes\com\example\BlogApplicationBackEndApplication.class]; nested exception is java.lang.IllegalArgumentException: Unsupported class file major version 69
09.20. 00.39.48 [restartedMain] [ERROR] o.s.boot.SpringApplication - Application run failed
org.springframework.beans.factory.BeanDefinitionStoreException: Failed to read candidate component class: file [D:\Source-Codes\Blog_Application_SourceCode\BlogApplication\Blog_Application_back-end\target\classes\com\example\BlogApplicationBackEndApplication.class]; nested exception is org.springframework.core.NestedIOException: ASM ClassReader failed to parse class file - probably due to a new Java class file version that isn't supported yet: file [D:\Source-Codes\Blog_Application_SourceCode\BlogApplication\Blog_Application_back-end\target\classes\com\example\BlogApplicationBackEndApplication.class]; nested exception is java.lang.IllegalArgumentException: Unsupported class file major version 69
	at org.springframework.context.annotation.ClassPathScanningCandidateComponentProvider.scanCandidateComponents(ClassPathScanningCandidateComponentProvider.java:457)
	at org.springframework.context.annotation.ClassPathScanningCandidateComponentProvider.findCandidateComponents(ClassPathScanningCandidateComponentProvider.java:316)
	at org.springframework.context.annotation.ClassPathBeanDefinitionScanner.doScan(ClassPathBeanDefinitionScanner.java:276)
	at org.springframework.context.annotation.ComponentScanAnnotationParser.parse(ComponentScanAnnotationParser.java:128)
	at org.springframework.context.annotation.ConfigurationClassParser.doProcessConfigurationClass(ConfigurationClassParser.java:295)
	at org.springframework.context.annotation.ConfigurationClassParser.processConfigurationClass(ConfigurationClassParser.java:249)
	at org.springframework.context.annotation.ConfigurationClassParser.parse(ConfigurationClassParser.java:206)
	at org.springframework.context.annotation.ConfigurationClassParser.parse(ConfigurationClassParser.java:174)
	at org.springframework.context.annotation.ConfigurationClassPostProcessor.processConfigBeanDefinitions(ConfigurationClassPostProcessor.java:331)
	at org.springframework.context.annotation.ConfigurationClassPostProcessor.postProcessBeanDefinitionRegistry(ConfigurationClassPostProcessor.java:247)
	at org.springframework.context.support.PostProcessorRegistrationDelegate.invokeBeanDefinitionRegistryPostProcessors(PostProcessorRegistrationDelegate.java:311)
	at org.springframework.context.support.PostProcessorRegistrationDelegate.invokeBeanFactoryPostProcessors(PostProcessorRegistrationDelegate.java:112)
	at org.springframework.context.support.AbstractApplicationContext.invokeBeanFactoryPostProcessors(AbstractApplicationContext.java:746)
	at org.springframework.context.support.AbstractApplicationContext.refresh(AbstractApplicationContext.java:564)
	at org.springframework.boot.web.servlet.context.ServletWebServerApplicationContext.refresh(ServletWebServerApplicationContext.java:147)
	at org.springframework.boot.SpringApplication.refresh(SpringApplication.java:731)
	at org.springframework.boot.SpringApplication.refreshContext(SpringApplication.java:408)
	at org.springframework.boot.SpringApplication.run(SpringApplication.java:307)
	at org.springframework.boot.SpringApplication.run(SpringApplication.java:1303)
	at org.springframework.boot.SpringApplication.run(SpringApplication.java:1292)
	at com.example.BlogApplicationBackEndApplication.main(BlogApplicationBackEndApplication.java:24)
	at java.base/jdk.internal.reflect.DirectMethodHandleAccessor.invoke(DirectMethodHandleAccessor.java:104)
	at java.base/java.lang.reflect.Method.invoke(Method.java:565)
	at org.springframework.boot.devtools.restart.RestartLauncher.run(RestartLauncher.java:49)
Caused by: org.springframework.core.NestedIOException: ASM ClassReader failed to parse class file - probably due to a new Java class file version that isn't supported yet: file [D:\Source-Codes\Blog_Application_SourceCode\BlogApplication\Blog_Application_back-end\target\classes\com\example\BlogApplicationBackEndApplication.class]; nested exception is java.lang.IllegalArgumentException: Unsupported class file major version 69
	at org.springframework.core.type.classreading.SimpleMetadataReader.getClassReader(SimpleMetadataReader.java:60)
	at org.springframework.core.type.classreading.SimpleMetadataReader.<init>(SimpleMetadataReader.java:48)
	at org.springframework.core.type.classreading.SimpleMetadataReaderFactory.getMetadataReader(SimpleMetadataReaderFactory.java:103)
	at org.springframework.core.type.classreading.CachingMetadataReaderFactory.getMetadataReader(CachingMetadataReaderFactory.java:123)
	at org.springframework.context.annotation.ClassPathScanningCandidateComponentProvider.scanCandidateComponents(ClassPathScanningCandidateComponentProvider.java:429)
	... 23 common frames omitted
Caused by: java.lang.IllegalArgumentException: Unsupported class file major version 69
	at org.springframework.asm.ClassReader.<init>(ClassReader.java:199)
	at org.springframework.asm.ClassReader.<init>(ClassReader.java:180)
	at org.springframework.asm.ClassReader.<init>(ClassReader.java:166)
	at org.springframework.asm.ClassReader.<init>(ClassReader.java:287)
	at org.springframework.core.type.classreading.SimpleMetadataReader.getClassReader(SimpleMetadataReader.java:57)
	... 27 common frames omitted
09.20. 00.39.48 [restartedMain] [INFO] o.s.d.r.c.RepositoryConfigurationDelegate - Finished Spring Data repository scanning in 36 ms. Found 4 JPA repository interfaces.
09.20. 00.39.48 [restartedMain] [INFO] o.s.b.w.e.tomcat.TomcatWebServer - Tomcat initialized with port 8080 (http)
09.20. 00.39.48 [restartedMain] [INFO] o.a.catalina.core.StandardService - Starting service [Tomcat]
09.20. 00.39.48 [restartedMain] [INFO] o.a.catalina.core.StandardEngine - Starting Servlet engine: [Apache Tomcat/10.1.46]
09.20. 00.39.48 [restartedMain] [INFO] o.a.c.c.C.[Tomcat-2].[localhost].[/] - Initializing Spring embedded WebApplicationContext
09.20. 00.39.48 [restartedMain] [INFO] o.s.b.w.s.c.ServletWebServerApplicationContext - Root WebApplicationContext: initialization completed in 609 ms
09.20. 00.39.48 [restartedMain] [INFO] o.h.jpa.internal.util.LogHelper - HHH000204: Processing PersistenceUnitInfo [name: default]
09.20. 00.39.48 [restartedMain] [INFO] o.h.c.i.RegionFactoryInitiator - HHH000026: Second-level cache disabled
09.20. 00.39.48 [restartedMain] [INFO] o.s.o.j.p.SpringPersistenceUnitInfo - No LoadTimeWeaver setup: ignoring JPA class transformer
09.20. 00.39.48 [restartedMain] [INFO] com.zaxxer.hikari.HikariDataSource - HikariPool-7 - Starting...
09.20. 00.39.49 [restartedMain] [INFO] com.zaxxer.hikari.pool.HikariPool - HikariPool-7 - Added connection com.mysql.cj.jdbc.ConnectionImpl@1c4deb02
09.20. 00.39.49 [restartedMain] [INFO] com.zaxxer.hikari.HikariDataSource - HikariPool-7 - Start completed.
09.20. 00.39.49 [restartedMain] [WARN] org.hibernate.orm.deprecation - HHH90000025: MySQL8Dialect does not need to be specified explicitly using 'hibernate.dialect' (remove the property setting and it will be selected by default)
09.20. 00.39.49 [restartedMain] [WARN] org.hibernate.orm.deprecation - HHH90000026: MySQL8Dialect has been deprecated; use org.hibernate.dialect.MySQLDialect instead
09.20. 00.39.49 [restartedMain] [INFO] o.hibernate.orm.connections.pooling - HHH10001005: Database info:
	Database JDBC URL [Connecting through datasource 'HikariDataSource (HikariPool-7)']
	Database driver: undefined/unknown
	Database version: 8.0
	Autocommit mode: undefined/unknown
	Isolation level: undefined/unknown
	Minimum pool size: undefined/unknown
	Maximum pool size: undefined/unknown
09.20. 00.39.49 [restartedMain] [INFO] o.h.e.t.j.p.i.JtaPlatformInitiator - HHH000489: No JTA platform available (set 'hibernate.transaction.jta.platform' to enable JTA platform integration)
09.20. 00.39.49 [restartedMain] [INFO] o.s.o.j.LocalContainerEntityManagerFactoryBean - Initialized JPA EntityManagerFactory for persistence unit 'default'
09.20. 00.39.49 [restartedMain] [INFO] o.s.s.c.a.a.c.InitializeUserDetailsBeanManagerConfigurer$InitializeUserDetailsManagerConfigurer - Global AuthenticationManager configured with UserDetailsService bean with name customUserDetailsService
09.20. 00.39.49 [restartedMain] [WARN] o.s.b.a.o.j.JpaBaseConfiguration$JpaWebConfiguration - spring.jpa.open-in-view is enabled by default. Therefore, database queries may be performed during view rendering. Explicitly configure spring.jpa.open-in-view to disable this warning
09.20. 00.39.49 [restartedMain] [DEBUG] o.s.s.web.DefaultSecurityFilterChain - Will secure any request with filters: DisableEncodeUrlFilter, WebAsyncManagerIntegrationFilter, SecurityContextHolderFilter, HeaderWriterFilter, CorsFilter, LogoutFilter, JwtAuthenticationFilter, RequestCacheAwareFilter, SecurityContextHolderAwareRequestFilter, AnonymousAuthenticationFilter, SessionManagementFilter, ExceptionTranslationFilter, AuthorizationFilter
09.20. 00.39.50 [restartedMain] [INFO] o.s.b.a.h.H2ConsoleAutoConfiguration - H2 console available at '/h2-console'. Database available at 'jdbc:mysql://localhost:3306/db_blog_application'
09.20. 00.39.50 [restartedMain] [WARN] o.s.b.d.a.OptionalLiveReloadServer - Unable to start LiveReload server
09.20. 00.39.50 [restartedMain] [INFO] o.s.b.w.e.tomcat.TomcatWebServer - Tomcat started on port 8080 (http) with context path '/'
09.20. 00.39.50 [restartedMain] [INFO] c.e.BlogApplicationBackEndApplication - Started BlogApplicationBackEndApplication in 1.914 seconds (process running for 63720.053)
09.20. 00.39.50 [restartedMain] [INFO] o.s.b.d.a.ConditionEvaluationDeltaLoggingListener - Condition evaluation unchanged
09.20. 00.39.55 [http-nio-8080-exec-1] [INFO] o.a.c.c.C.[Tomcat-2].[localhost].[/] - Initializing Spring DispatcherServlet 'dispatcherServlet'
09.20. 00.39.55 [http-nio-8080-exec-1] [INFO] o.s.web.servlet.DispatcherServlet - Initializing Servlet 'dispatcherServlet'
09.20. 00.39.55 [http-nio-8080-exec-1] [INFO] o.s.web.servlet.DispatcherServlet - Completed initialization in 2 ms
09.20. 00.39.55 [http-nio-8080-exec-1] [DEBUG] o.s.security.web.FilterChainProxy - Securing OPTIONS /api/posts?pageNumber=0&pageSize=10&sortBy=postId&sortDirection=asc
09.20. 00.39.55 [http-nio-8080-exec-2] [DEBUG] o.s.security.web.FilterChainProxy - Securing GET /api/posts?pageNumber=0&pageSize=10&sortBy=postId&sortDirection=asc
09.20. 00.39.55 [http-nio-8080-exec-2] [ERROR] o.a.c.c.C.[.[.[.[dispatcherServlet] - Servlet.service() for servlet [dispatcherServlet] in context with path [] threw exception
io.jsonwebtoken.security.SignatureException: JWT signature does not match locally computed signature. JWT validity cannot be asserted and should not be trusted.
	at io.jsonwebtoken.impl.DefaultJwtParser.parse(DefaultJwtParser.java:399)
	at io.jsonwebtoken.impl.DefaultJwtParser.parse(DefaultJwtParser.java:529)
	at io.jsonwebtoken.impl.DefaultJwtParser.parseClaimsJws(DefaultJwtParser.java:589)
	at io.jsonwebtoken.impl.ImmutableJwtParser.parseClaimsJws(ImmutableJwtParser.java:173)
	at com.example.security.JwtTokenHelper.getAllClaimsFromToken(JwtTokenHelper.java:45)
	at com.example.security.JwtTokenHelper.getClaimFromToken(JwtTokenHelper.java:36)
	at com.example.security.JwtTokenHelper.getUsernameFromToken(JwtTokenHelper.java:27)
	at com.example.security.JwtAuthenticationFilter.doFilterInternal(JwtAuthenticationFilter.java:42)
	at org.springframework.web.filter.OncePerRequestFilter.doFilter(OncePerRequestFilter.java:116)
	at org.springframework.security.web.FilterChainProxy$VirtualFilterChain.doFilter(FilterChainProxy.java:374)
	at org.springframework.security.web.authentication.logout.LogoutFilter.doFilter(LogoutFilter.java:107)
	at org.springframework.security.web.authentication.logout.LogoutFilter.doFilter(LogoutFilter.java:93)
	at org.springframework.security.web.FilterChainProxy$VirtualFilterChain.doFilter(FilterChainProxy.java:374)
	at org.springframework.web.filter.CorsFilter.doFilterInternal(CorsFilter.java:91)
	at org.springframework.web.filter.OncePerRequestFilter.doFilter(OncePerRequestFilter.java:116)
	at org.springframework.security.web.FilterChainProxy$VirtualFilterChain.doFilter(FilterChainProxy.java:374)
	at org.springframework.security.web.header.HeaderWriterFilter.doHeadersAfter(HeaderWriterFilter.java:90)
	at org.springframework.security.web.header.HeaderWriterFilter.doFilterInternal(HeaderWriterFilter.java:75)
	at org.springframework.web.filter.OncePerRequestFilter.doFilter(OncePerRequestFilter.java:116)
	at org.springframework.security.web.FilterChainProxy$VirtualFilterChain.doFilter(FilterChainProxy.java:374)
	at org.springframework.security.web.context.SecurityContextHolderFilter.doFilter(SecurityContextHolderFilter.java:82)
	at org.springframework.security.web.context.SecurityContextHolderFilter.doFilter(SecurityContextHolderFilter.java:69)
	at org.springframework.security.web.FilterChainProxy$VirtualFilterChain.doFilter(FilterChainProxy.java:374)
	at org.springframework.security.web.context.request.async.WebAsyncManagerIntegrationFilter.doFilterInternal(WebAsyncManagerIntegrationFilter.java:62)
	at org.springframework.web.filter.OncePerRequestFilter.doFilter(OncePerRequestFilter.java:116)
	at org.springframework.security.web.FilterChainProxy$VirtualFilterChain.doFilter(FilterChainProxy.java:374)
	at org.springframework.security.web.session.DisableEncodeUrlFilter.doFilterInternal(DisableEncodeUrlFilter.java:42)
	at org.springframework.web.filter.OncePerRequestFilter.doFilter(OncePerRequestFilter.java:116)
	at org.springframework.security.web.FilterChainProxy$VirtualFilterChain.doFilter(FilterChainProxy.java:374)
	at org.springframework.security.web.FilterChainProxy.doFilterInternal(FilterChainProxy.java:233)
	at org.springframework.security.web.FilterChainProxy.doFilter(FilterChainProxy.java:191)
	at org.springframework.web.filter.CompositeFilter$VirtualFilterChain.doFilter(CompositeFilter.java:113)
	at org.springframework.web.filter.ServletRequestPathFilter.doFilter(ServletRequestPathFilter.java:52)
	at org.springframework.web.filter.CompositeFilter$VirtualFilterChain.doFilter(CompositeFilter.java:113)
	at org.springframework.web.filter.CompositeFilter.doFilter(CompositeFilter.java:74)
	at org.springframework.security.config.annotation.web.configuration.WebSecurityConfiguration$CompositeFilterChainProxy.doFilter(WebSecurityConfiguration.java:319)
	at org.springframework.web.filter.CompositeFilter$VirtualFilterChain.doFilter(CompositeFilter.java:113)
	at org.springframework.web.servlet.handler.HandlerMappingIntrospector.lambda$createCacheFilter$4(HandlerMappingIntrospector.java:267)
	at org.springframework.web.filter.CompositeFilter$VirtualFilterChain.doFilter(CompositeFilter.java:113)
	at org.springframework.web.filter.CompositeFilter.doFilter(CompositeFilter.java:74)
	at org.springframework.security.config.annotation.web.configuration.WebMvcSecurityConfiguration$CompositeFilterChainProxy.doFilter(WebMvcSecurityConfiguration.java:240)
	at org.springframework.web.filter.DelegatingFilterProxy.invokeDelegate(DelegatingFilterProxy.java:362)
	at org.springframework.web.filter.DelegatingFilterProxy.doFilter(DelegatingFilterProxy.java:278)
	at org.apache.catalina.core.ApplicationFilterChain.internalDoFilter(ApplicationFilterChain.java:164)
	at org.apache.catalina.core.ApplicationFilterChain.doFilter(ApplicationFilterChain.java:140)
	at org.springframework.web.filter.RequestContextFilter.doFilterInternal(RequestContextFilter.java:100)
	at org.springframework.web.filter.OncePerRequestFilter.doFilter(OncePerRequestFilter.java:116)
	at org.apache.catalina.core.ApplicationFilterChain.internalDoFilter(ApplicationFilterChain.java:164)
	at org.apache.catalina.core.ApplicationFilterChain.doFilter(ApplicationFilterChain.java:140)
	at org.springframework.web.filter.FormContentFilter.doFilterInternal(FormContentFilter.java:93)
	at org.springframework.web.filter.OncePerRequestFilter.doFilter(OncePerRequestFilter.java:116)
	at org.apache.catalina.core.ApplicationFilterChain.internalDoFilter(ApplicationFilterChain.java:164)
	at org.apache.catalina.core.ApplicationFilterChain.doFilter(ApplicationFilterChain.java:140)
	at org.springframework.web.filter.CharacterEncodingFilter.doFilterInternal(CharacterEncodingFilter.java:201)
	at org.springframework.web.filter.OncePerRequestFilter.doFilter(OncePerRequestFilter.java:116)
	at org.apache.catalina.core.ApplicationFilterChain.internalDoFilter(ApplicationFilterChain.java:164)
	at org.apache.catalina.core.ApplicationFilterChain.doFilter(ApplicationFilterChain.java:140)
	at org.apache.catalina.core.StandardWrapperValve.invoke(StandardWrapperValve.java:167)
	at org.apache.catalina.core.StandardContextValve.invoke(StandardContextValve.java:90)
	at org.apache.catalina.authenticator.AuthenticatorBase.invoke(AuthenticatorBase.java:483)
	at org.apache.catalina.core.StandardHostValve.invoke(StandardHostValve.java:116)
	at org.apache.catalina.valves.ErrorReportValve.invoke(ErrorReportValve.java:93)
	at org.apache.catalina.core.StandardEngineValve.invoke(StandardEngineValve.java:74)
	at org.apache.catalina.connector.CoyoteAdapter.service(CoyoteAdapter.java:344)
	at org.apache.coyote.http11.Http11Processor.service(Http11Processor.java:398)
	at org.apache.coyote.AbstractProcessorLight.process(AbstractProcessorLight.java:63)
	at org.apache.coyote.AbstractProtocol$ConnectionHandler.process(AbstractProtocol.java:903)
	at org.apache.tomcat.util.net.NioEndpoint$SocketProcessor.doRun(NioEndpoint.java:1776)
	at org.apache.tomcat.util.net.SocketProcessorBase.run(SocketProcessorBase.java:52)
	at org.apache.tomcat.util.threads.ThreadPoolExecutor.runWorker(ThreadPoolExecutor.java:975)
	at org.apache.tomcat.util.threads.ThreadPoolExecutor$Worker.run(ThreadPoolExecutor.java:493)
	at org.apache.tomcat.util.threads.TaskThread$WrappingRunnable.run(TaskThread.java:63)
	at java.base/java.lang.Thread.run(Thread.java:1474)
09.20. 00.39.55 [http-nio-8080-exec-2] [DEBUG] o.s.security.web.FilterChainProxy - Securing GET /error?pageNumber=0&pageSize=10&sortBy=postId&sortDirection=asc
09.20. 00.39.55 [http-nio-8080-exec-2] [DEBUG] o.s.s.w.a.AnonymousAuthenticationFilter - Set SecurityContextHolder to anonymous SecurityContext
09.20. 00.40.09 [http-nio-8080-exec-3] [DEBUG] o.s.security.web.FilterChainProxy - Securing OPTIONS /api/posts?pageNumber=0&pageSize=10&sortBy=postId&sortDirection=asc
09.20. 00.40.09 [http-nio-8080-exec-4] [DEBUG] o.s.security.web.FilterChainProxy - Securing OPTIONS /api/posts?pageNumber=0&pageSize=10&sortBy=postId&sortDirection=asc
09.20. 00.40.09 [http-nio-8080-exec-5] [DEBUG] o.s.security.web.FilterChainProxy - Securing GET /api/posts?pageNumber=0&pageSize=10&sortBy=postId&sortDirection=asc
09.20. 00.40.09 [http-nio-8080-exec-5] [ERROR] o.a.c.c.C.[.[.[.[dispatcherServlet] - Servlet.service() for servlet [dispatcherServlet] in context with path [] threw exception
io.jsonwebtoken.security.SignatureException: JWT signature does not match locally computed signature. JWT validity cannot be asserted and should not be trusted.
	at io.jsonwebtoken.impl.DefaultJwtParser.parse(DefaultJwtParser.java:399)
	at io.jsonwebtoken.impl.DefaultJwtParser.parse(DefaultJwtParser.java:529)
	at io.jsonwebtoken.impl.DefaultJwtParser.parseClaimsJws(DefaultJwtParser.java:589)
	at io.jsonwebtoken.impl.ImmutableJwtParser.parseClaimsJws(ImmutableJwtParser.java:173)
	at com.example.security.JwtTokenHelper.getAllClaimsFromToken(JwtTokenHelper.java:45)
	at com.example.security.JwtTokenHelper.getClaimFromToken(JwtTokenHelper.java:36)
	at com.example.security.JwtTokenHelper.getUsernameFromToken(JwtTokenHelper.java:27)
	at com.example.security.JwtAuthenticationFilter.doFilterInternal(JwtAuthenticationFilter.java:42)
	at org.springframework.web.filter.OncePerRequestFilter.doFilter(OncePerRequestFilter.java:116)
	at org.springframework.security.web.FilterChainProxy$VirtualFilterChain.doFilter(FilterChainProxy.java:374)
	at org.springframework.security.web.authentication.logout.LogoutFilter.doFilter(LogoutFilter.java:107)
	at org.springframework.security.web.authentication.logout.LogoutFilter.doFilter(LogoutFilter.java:93)
	at org.springframework.security.web.FilterChainProxy$VirtualFilterChain.doFilter(FilterChainProxy.java:374)
	at org.springframework.web.filter.CorsFilter.doFilterInternal(CorsFilter.java:91)
	at org.springframework.web.filter.OncePerRequestFilter.doFilter(OncePerRequestFilter.java:116)
	at org.springframework.security.web.FilterChainProxy$VirtualFilterChain.doFilter(FilterChainProxy.java:374)
	at org.springframework.security.web.header.HeaderWriterFilter.doHeadersAfter(HeaderWriterFilter.java:90)
	at org.springframework.security.web.header.HeaderWriterFilter.doFilterInternal(HeaderWriterFilter.java:75)
	at org.springframework.web.filter.OncePerRequestFilter.doFilter(OncePerRequestFilter.java:116)
	at org.springframework.security.web.FilterChainProxy$VirtualFilterChain.doFilter(FilterChainProxy.java:374)
	at org.springframework.security.web.context.SecurityContextHolderFilter.doFilter(SecurityContextHolderFilter.java:82)
	at org.springframework.security.web.context.SecurityContextHolderFilter.doFilter(SecurityContextHolderFilter.java:69)
	at org.springframework.security.web.FilterChainProxy$VirtualFilterChain.doFilter(FilterChainProxy.java:374)
	at org.springframework.security.web.context.request.async.WebAsyncManagerIntegrationFilter.doFilterInternal(WebAsyncManagerIntegrationFilter.java:62)
	at org.springframework.web.filter.OncePerRequestFilter.doFilter(OncePerRequestFilter.java:116)
	at org.springframework.security.web.FilterChainProxy$VirtualFilterChain.doFilter(FilterChainProxy.java:374)
	at org.springframework.security.web.session.DisableEncodeUrlFilter.doFilterInternal(DisableEncodeUrlFilter.java:42)
	at org.springframework.web.filter.OncePerRequestFilter.doFilter(OncePerRequestFilter.java:116)
	at org.springframework.security.web.FilterChainProxy$VirtualFilterChain.doFilter(FilterChainProxy.java:374)
	at org.springframework.security.web.FilterChainProxy.doFilterInternal(FilterChainProxy.java:233)
	at org.springframework.security.web.FilterChainProxy.doFilter(FilterChainProxy.java:191)
	at org.springframework.web.filter.CompositeFilter$VirtualFilterChain.doFilter(CompositeFilter.java:113)
	at org.springframework.web.filter.ServletRequestPathFilter.doFilter(ServletRequestPathFilter.java:52)
	at org.springframework.web.filter.CompositeFilter$VirtualFilterChain.doFilter(CompositeFilter.java:113)
	at org.springframework.web.filter.CompositeFilter.doFilter(CompositeFilter.java:74)
	at org.springframework.security.config.annotation.web.configuration.WebSecurityConfiguration$CompositeFilterChainProxy.doFilter(WebSecurityConfiguration.java:319)
	at org.springframework.web.filter.CompositeFilter$VirtualFilterChain.doFilter(CompositeFilter.java:113)
	at org.springframework.web.servlet.handler.HandlerMappingIntrospector.lambda$createCacheFilter$4(HandlerMappingIntrospector.java:267)
	at org.springframework.web.filter.CompositeFilter$VirtualFilterChain.doFilter(CompositeFilter.java:113)
	at org.springframework.web.filter.CompositeFilter.doFilter(CompositeFilter.java:74)
	at org.springframework.security.config.annotation.web.configuration.WebMvcSecurityConfiguration$CompositeFilterChainProxy.doFilter(WebMvcSecurityConfiguration.java:240)
	at org.springframework.web.filter.DelegatingFilterProxy.invokeDelegate(DelegatingFilterProxy.java:362)
	at org.springframework.web.filter.DelegatingFilterProxy.doFilter(DelegatingFilterProxy.java:278)
	at org.apache.catalina.core.ApplicationFilterChain.internalDoFilter(ApplicationFilterChain.java:164)
	at org.apache.catalina.core.ApplicationFilterChain.doFilter(ApplicationFilterChain.java:140)
	at org.springframework.web.filter.RequestContextFilter.doFilterInternal(RequestContextFilter.java:100)
	at org.springframework.web.filter.OncePerRequestFilter.doFilter(OncePerRequestFilter.java:116)
	at org.apache.catalina.core.ApplicationFilterChain.internalDoFilter(ApplicationFilterChain.java:164)
	at org.apache.catalina.core.ApplicationFilterChain.doFilter(ApplicationFilterChain.java:140)
	at org.springframework.web.filter.FormContentFilter.doFilterInternal(FormContentFilter.java:93)
	at org.springframework.web.filter.OncePerRequestFilter.doFilter(OncePerRequestFilter.java:116)
	at org.apache.catalina.core.ApplicationFilterChain.internalDoFilter(ApplicationFilterChain.java:164)
	at org.apache.catalina.core.ApplicationFilterChain.doFilter(ApplicationFilterChain.java:140)
	at org.springframework.web.filter.CharacterEncodingFilter.doFilterInternal(CharacterEncodingFilter.java:201)
	at org.springframework.web.filter.OncePerRequestFilter.doFilter(OncePerRequestFilter.java:116)
	at org.apache.catalina.core.ApplicationFilterChain.internalDoFilter(ApplicationFilterChain.java:164)
	at org.apache.catalina.core.ApplicationFilterChain.doFilter(ApplicationFilterChain.java:140)
	at org.apache.catalina.core.StandardWrapperValve.invoke(StandardWrapperValve.java:167)
	at org.apache.catalina.core.StandardContextValve.invoke(StandardContextValve.java:90)
	at org.apache.catalina.authenticator.AuthenticatorBase.invoke(AuthenticatorBase.java:483)
	at org.apache.catalina.core.StandardHostValve.invoke(StandardHostValve.java:116)
	at org.apache.catalina.valves.ErrorReportValve.invoke(ErrorReportValve.java:93)
	at org.apache.catalina.core.StandardEngineValve.invoke(StandardEngineValve.java:74)
	at org.apache.catalina.connector.CoyoteAdapter.service(CoyoteAdapter.java:344)
	at org.apache.coyote.http11.Http11Processor.service(Http11Processor.java:398)
	at org.apache.coyote.AbstractProcessorLight.process(AbstractProcessorLight.java:63)
	at org.apache.coyote.AbstractProtocol$ConnectionHandler.process(AbstractProtocol.java:903)
	at org.apache.tomcat.util.net.NioEndpoint$SocketProcessor.doRun(NioEndpoint.java:1776)
	at org.apache.tomcat.util.net.SocketProcessorBase.run(SocketProcessorBase.java:52)
	at org.apache.tomcat.util.threads.ThreadPoolExecutor.runWorker(ThreadPoolExecutor.java:975)
	at org.apache.tomcat.util.threads.ThreadPoolExecutor$Worker.run(ThreadPoolExecutor.java:493)
	at org.apache.tomcat.util.threads.TaskThread$WrappingRunnable.run(TaskThread.java:63)
	at java.base/java.lang.Thread.run(Thread.java:1474)
09.20. 00.40.09 [http-nio-8080-exec-5] [DEBUG] o.s.security.web.FilterChainProxy - Securing GET /error?pageNumber=0&pageSize=10&sortBy=postId&sortDirection=asc
09.20. 00.40.09 [http-nio-8080-exec-5] [DEBUG] o.s.s.w.a.AnonymousAuthenticationFilter - Set SecurityContextHolder to anonymous SecurityContext
09.20. 00.40.09 [http-nio-8080-exec-6] [DEBUG] o.s.security.web.FilterChainProxy - Securing GET /api/posts?pageNumber=0&pageSize=10&sortBy=postId&sortDirection=asc
09.20. 00.40.09 [http-nio-8080-exec-6] [ERROR] o.a.c.c.C.[.[.[.[dispatcherServlet] - Servlet.service() for servlet [dispatcherServlet] in context with path [] threw exception
io.jsonwebtoken.security.SignatureException: JWT signature does not match locally computed signature. JWT validity cannot be asserted and should not be trusted.
	at io.jsonwebtoken.impl.DefaultJwtParser.parse(DefaultJwtParser.java:399)
	at io.jsonwebtoken.impl.DefaultJwtParser.parse(DefaultJwtParser.java:529)
	at io.jsonwebtoken.impl.DefaultJwtParser.parseClaimsJws(DefaultJwtParser.java:589)
	at io.jsonwebtoken.impl.ImmutableJwtParser.parseClaimsJws(ImmutableJwtParser.java:173)
	at com.example.security.JwtTokenHelper.getAllClaimsFromToken(JwtTokenHelper.java:45)
	at com.example.security.JwtTokenHelper.getClaimFromToken(JwtTokenHelper.java:36)
	at com.example.security.JwtTokenHelper.getUsernameFromToken(JwtTokenHelper.java:27)
	at com.example.security.JwtAuthenticationFilter.doFilterInternal(JwtAuthenticationFilter.java:42)
	at org.springframework.web.filter.OncePerRequestFilter.doFilter(OncePerRequestFilter.java:116)
	at org.springframework.security.web.FilterChainProxy$VirtualFilterChain.doFilter(FilterChainProxy.java:374)
	at org.springframework.security.web.authentication.logout.LogoutFilter.doFilter(LogoutFilter.java:107)
	at org.springframework.security.web.authentication.logout.LogoutFilter.doFilter(LogoutFilter.java:93)
	at org.springframework.security.web.FilterChainProxy$VirtualFilterChain.doFilter(FilterChainProxy.java:374)
	at org.springframework.web.filter.CorsFilter.doFilterInternal(CorsFilter.java:91)
	at org.springframework.web.filter.OncePerRequestFilter.doFilter(OncePerRequestFilter.java:116)
	at org.springframework.security.web.FilterChainProxy$VirtualFilterChain.doFilter(FilterChainProxy.java:374)
	at org.springframework.security.web.header.HeaderWriterFilter.doHeadersAfter(HeaderWriterFilter.java:90)
	at org.springframework.security.web.header.HeaderWriterFilter.doFilterInternal(HeaderWriterFilter.java:75)
	at org.springframework.web.filter.OncePerRequestFilter.doFilter(OncePerRequestFilter.java:116)
	at org.springframework.security.web.FilterChainProxy$VirtualFilterChain.doFilter(FilterChainProxy.java:374)
	at org.springframework.security.web.context.SecurityContextHolderFilter.doFilter(SecurityContextHolderFilter.java:82)
	at org.springframework.security.web.context.SecurityContextHolderFilter.doFilter(SecurityContextHolderFilter.java:69)
	at org.springframework.security.web.FilterChainProxy$VirtualFilterChain.doFilter(FilterChainProxy.java:374)
	at org.springframework.security.web.context.request.async.WebAsyncManagerIntegrationFilter.doFilterInternal(WebAsyncManagerIntegrationFilter.java:62)
	at org.springframework.web.filter.OncePerRequestFilter.doFilter(OncePerRequestFilter.java:116)
	at org.springframework.security.web.FilterChainProxy$VirtualFilterChain.doFilter(FilterChainProxy.java:374)
	at org.springframework.security.web.session.DisableEncodeUrlFilter.doFilterInternal(DisableEncodeUrlFilter.java:42)
	at org.springframework.web.filter.OncePerRequestFilter.doFilter(OncePerRequestFilter.java:116)
	at org.springframework.security.web.FilterChainProxy$VirtualFilterChain.doFilter(FilterChainProxy.java:374)
	at org.springframework.security.web.FilterChainProxy.doFilterInternal(FilterChainProxy.java:233)
	at org.springframework.security.web.FilterChainProxy.doFilter(FilterChainProxy.java:191)
	at org.springframework.web.filter.CompositeFilter$VirtualFilterChain.doFilter(CompositeFilter.java:113)
	at org.springframework.web.filter.ServletRequestPathFilter.doFilter(ServletRequestPathFilter.java:52)
	at org.springframework.web.filter.CompositeFilter$VirtualFilterChain.doFilter(CompositeFilter.java:113)
	at org.springframework.web.filter.CompositeFilter.doFilter(CompositeFilter.java:74)
	at org.springframework.security.config.annotation.web.configuration.WebSecurityConfiguration$CompositeFilterChainProxy.doFilter(WebSecurityConfiguration.java:319)
	at org.springframework.web.filter.CompositeFilter$VirtualFilterChain.doFilter(CompositeFilter.java:113)
	at org.springframework.web.servlet.handler.HandlerMappingIntrospector.lambda$createCacheFilter$4(HandlerMappingIntrospector.java:267)
	at org.springframework.web.filter.CompositeFilter$VirtualFilterChain.doFilter(CompositeFilter.java:113)
	at org.springframework.web.filter.CompositeFilter.doFilter(CompositeFilter.java:74)
	at org.springframework.security.config.annotation.web.configuration.WebMvcSecurityConfiguration$CompositeFilterChainProxy.doFilter(WebMvcSecurityConfiguration.java:240)
	at org.springframework.web.filter.DelegatingFilterProxy.invokeDelegate(DelegatingFilterProxy.java:362)
	at org.springframework.web.filter.DelegatingFilterProxy.doFilter(DelegatingFilterProxy.java:278)
	at org.apache.catalina.core.ApplicationFilterChain.internalDoFilter(ApplicationFilterChain.java:164)
	at org.apache.catalina.core.ApplicationFilterChain.doFilter(ApplicationFilterChain.java:140)
	at org.springframework.web.filter.RequestContextFilter.doFilterInternal(RequestContextFilter.java:100)
	at org.springframework.web.filter.OncePerRequestFilter.doFilter(OncePerRequestFilter.java:116)
	at org.apache.catalina.core.ApplicationFilterChain.internalDoFilter(ApplicationFilterChain.java:164)
	at org.apache.catalina.core.ApplicationFilterChain.doFilter(ApplicationFilterChain.java:140)
	at org.springframework.web.filter.FormContentFilter.doFilterInternal(FormContentFilter.java:93)
	at org.springframework.web.filter.OncePerRequestFilter.doFilter(OncePerRequestFilter.java:116)
	at org.apache.catalina.core.ApplicationFilterChain.internalDoFilter(ApplicationFilterChain.java:164)
	at org.apache.catalina.core.ApplicationFilterChain.doFilter(ApplicationFilterChain.java:140)
	at org.springframework.web.filter.CharacterEncodingFilter.doFilterInternal(CharacterEncodingFilter.java:201)
	at org.springframework.web.filter.OncePerRequestFilter.doFilter(OncePerRequestFilter.java:116)
	at org.apache.catalina.core.ApplicationFilterChain.internalDoFilter(ApplicationFilterChain.java:164)
	at org.apache.catalina.core.ApplicationFilterChain.doFilter(ApplicationFilterChain.java:140)
	at org.apache.catalina.core.StandardWrapperValve.invoke(StandardWrapperValve.java:167)
	at org.apache.catalina.core.StandardContextValve.invoke(StandardContextValve.java:90)
	at org.apache.catalina.authenticator.AuthenticatorBase.invoke(AuthenticatorBase.java:483)
	at org.apache.catalina.core.StandardHostValve.invoke(StandardHostValve.java:116)
	at org.apache.catalina.valves.ErrorReportValve.invoke(ErrorReportValve.java:93)
	at org.apache.catalina.core.StandardEngineValve.invoke(StandardEngineValve.java:74)
	at org.apache.catalina.connector.CoyoteAdapter.service(CoyoteAdapter.java:344)
	at org.apache.coyote.http11.Http11Processor.service(Http11Processor.java:398)
	at org.apache.coyote.AbstractProcessorLight.process(AbstractProcessorLight.java:63)
	at org.apache.coyote.AbstractProtocol$ConnectionHandler.process(AbstractProtocol.java:903)
	at org.apache.tomcat.util.net.NioEndpoint$SocketProcessor.doRun(NioEndpoint.java:1776)
	at org.apache.tomcat.util.net.SocketProcessorBase.run(SocketProcessorBase.java:52)
	at org.apache.tomcat.util.threads.ThreadPoolExecutor.runWorker(ThreadPoolExecutor.java:975)
	at org.apache.tomcat.util.threads.ThreadPoolExecutor$Worker.run(ThreadPoolExecutor.java:493)
	at org.apache.tomcat.util.threads.TaskThread$WrappingRunnable.run(TaskThread.java:63)
	at java.base/java.lang.Thread.run(Thread.java:1474)
09.20. 00.40.09 [http-nio-8080-exec-6] [DEBUG] o.s.security.web.FilterChainProxy - Securing GET /error?pageNumber=0&pageSize=10&sortBy=postId&sortDirection=asc
09.20. 00.40.09 [http-nio-8080-exec-6] [DEBUG] o.s.s.w.a.AnonymousAuthenticationFilter - Set SecurityContextHolder to anonymous SecurityContext
09.20. 00.40.35 [main] [INFO] o.s.t.c.s.AnnotationConfigContextLoaderUtils - Could not detect default configuration classes for test class [com.example.BlogApplicationBackEndApplicationTests]: BlogApplicationBackEndApplicationTests does not declare any static, non-private, non-final, nested classes annotated with @Configuration.
09.20. 00.40.35 [main] [INFO] o.s.b.t.c.SpringBootTestContextBootstrapper - Found @SpringBootConfiguration com.example.BlogApplicationBackEndApplication for test class com.example.BlogApplicationBackEndApplicationTests
09.20. 00.40.36 [main] [INFO] o.s.b.d.r.RestartApplicationListener - Restart disabled due to context in which it is running
09.20. 00.40.36 [background-preinit] [INFO] o.h.validator.internal.util.Version - HV000001: Hibernate Validator 8.0.3.Final
09.20. 00.40.36 [main] [INFO] c.e.BlogApplicationBackEndApplicationTests - Starting BlogApplicationBackEndApplicationTests using Java 25.0.4.1 with PID 24528 (started by DELL in D:\Source-Codes\Blog_Application_SourceCode\BlogApplication\Blog_Application_back-end)
09.20. 00.40.36 [main] [INFO] c.e.BlogApplicationBackEndApplicationTests - No active profile set, falling back to 1 default profile: "default"
09.20. 00.40.39 [main] [INFO] o.s.d.r.c.RepositoryConfigurationDelegate - Bootstrapping Spring Data JPA repositories in DEFAULT mode.
09.20. 00.40.40 [main] [INFO] o.s.d.r.c.RepositoryConfigurationDelegate - Finished Spring Data repository scanning in 279 ms. Found 4 JPA repository interfaces.
09.20. 00.40.42 [main] [INFO] o.h.jpa.internal.util.LogHelper - HHH000204: Processing PersistenceUnitInfo [name: default]
09.20. 00.40.42 [main] [INFO] org.hibernate.Version - HHH000412: Hibernate ORM core version 6.6.29.Final
09.20. 00.40.42 [main] [INFO] o.h.c.i.RegionFactoryInitiator - HHH000026: Second-level cache disabled
09.20. 00.40.43 [main] [INFO] o.s.o.j.p.SpringPersistenceUnitInfo - No LoadTimeWeaver setup: ignoring JPA class transformer
09.20. 00.40.43 [main] [INFO] com.zaxxer.hikari.HikariDataSource - HikariPool-1 - Starting...
09.20. 00.40.44 [main] [INFO] com.zaxxer.hikari.pool.HikariPool - HikariPool-1 - Added connection com.mysql.cj.jdbc.ConnectionImpl@5876bed9
09.20. 00.40.44 [main] [INFO] com.zaxxer.hikari.HikariDataSource - HikariPool-1 - Start completed.
09.20. 00.40.44 [main] [WARN] org.hibernate.orm.deprecation - HHH90000025: MySQL8Dialect does not need to be specified explicitly using 'hibernate.dialect' (remove the property setting and it will be selected by default)
09.20. 00.40.44 [main] [WARN] org.hibernate.orm.deprecation - HHH90000026: MySQL8Dialect has been deprecated; use org.hibernate.dialect.MySQLDialect instead
09.20. 00.40.44 [main] [INFO] o.hibernate.orm.connections.pooling - HHH10001005: Database info:
	Database JDBC URL [Connecting through datasource 'HikariDataSource (HikariPool-1)']
	Database driver: undefined/unknown
	Database version: 8.0
	Autocommit mode: undefined/unknown
	Isolation level: undefined/unknown
	Minimum pool size: undefined/unknown
	Maximum pool size: undefined/unknown
09.20. 00.40.47 [main] [INFO] o.h.e.t.j.p.i.JtaPlatformInitiator - HHH000489: No JTA platform available (set 'hibernate.transaction.jta.platform' to enable JTA platform integration)
09.20. 00.40.48 [main] [INFO] o.s.o.j.LocalContainerEntityManagerFactoryBean - Initialized JPA EntityManagerFactory for persistence unit 'default'
09.20. 00.40.48 [main] [INFO] o.s.s.c.a.a.c.InitializeUserDetailsBeanManagerConfigurer$InitializeUserDetailsManagerConfigurer - Global AuthenticationManager configured with UserDetailsService bean with name customUserDetailsService
09.20. 00.40.49 [main] [WARN] o.s.b.a.o.j.JpaBaseConfiguration$JpaWebConfiguration - spring.jpa.open-in-view is enabled by default. Therefore, database queries may be performed during view rendering. Explicitly configure spring.jpa.open-in-view to disable this warning
09.20. 00.40.49 [main] [DEBUG] o.s.s.web.DefaultSecurityFilterChain - Will secure any request with filters: DisableEncodeUrlFilter, WebAsyncManagerIntegrationFilter, SecurityContextHolderFilter, HeaderWriterFilter, CorsFilter, LogoutFilter, JwtAuthenticationFilter, RequestCacheAwareFilter, SecurityContextHolderAwareRequestFilter, AnonymousAuthenticationFilter, SessionManagementFilter, ExceptionTranslationFilter, AuthorizationFilter
09.20. 00.40.50 [main] [INFO] c.e.BlogApplicationBackEndApplicationTests - Started BlogApplicationBackEndApplicationTests in 14.203 seconds (process running for 17.614)
09.20. 00.40.52 [main] [INFO] c.e.services.impl.UserServiceImpl - Initiating the dao call to create a User
09.20. 00.40.52 [main] [INFO] c.e.services.impl.UserServiceImpl - Completed the dao call to create a User
09.20. 00.40.53 [SpringApplicationShutdownHook] [INFO] o.s.o.j.LocalContainerEntityManagerFactoryBean - Closing JPA EntityManagerFactory for persistence unit 'default'
09.20. 00.40.53 [SpringApplicationShutdownHook] [INFO] com.zaxxer.hikari.HikariDataSource - HikariPool-1 - Shutdown initiated...
09.20. 00.40.53 [SpringApplicationShutdownHook] [INFO] com.zaxxer.hikari.HikariDataSource - HikariPool-1 - Shutdown completed.
09.20. 00.52.30 [restartedMain] [INFO] c.e.BlogApplicationBackEndApplication - Starting BlogApplicationBackEndApplication using Java 25.0.4.1 on DESKTOP-ADUUNFN with PID 12220 (D:\Source-Codes\Blog_Application_SourceCode\BlogApplication\Blog_Application_back-end\target\classes started by DELL in D:\Source-Codes\Blog_Application_SourceCode\BlogApplication\Blog_Application_back-end)
09.20. 00.52.30 [restartedMain] [INFO] c.e.BlogApplicationBackEndApplication - No active profile set, falling back to 1 default profile: "default"
09.20. 00.52.30 [restartedMain] [WARN] o.s.b.w.s.c.AnnotationConfigServletWebServerApplicationContext - Exception encountered during context initialization - cancelling refresh attempt: org.springframework.beans.factory.BeanDefinitionStoreException: Failed to read candidate component class: file [D:\Source-Codes\Blog_Application_SourceCode\BlogApplication\Blog_Application_back-end\target\classes\com\example\BlogApplicationBackEndApplication.class]; nested exception is org.springframework.core.NestedIOException: ASM ClassReader failed to parse class file - probably due to a new Java class file version that isn't supported yet: file [D:\Source-Codes\Blog_Application_SourceCode\BlogApplication\Blog_Application_back-end\target\classes\com\example\BlogApplicationBackEndApplication.class]; nested exception is java.lang.IllegalArgumentException: Unsupported class file major version 69
09.20. 00.52.30 [restartedMain] [ERROR] o.s.boot.SpringApplication - Application run failed
org.springframework.beans.factory.BeanDefinitionStoreException: Failed to read candidate component class: file [D:\Source-Codes\Blog_Application_SourceCode\BlogApplication\Blog_Application_back-end\target\classes\com\example\BlogApplicationBackEndApplication.class]; nested exception is org.springframework.core.NestedIOException: ASM ClassReader failed to parse class file - probably due to a new Java class file version that isn't supported yet: file [D:\Source-Codes\Blog_Application_SourceCode\BlogApplication\Blog_Application_back-end\target\classes\com\example\BlogApplicationBackEndApplication.class]; nested exception is java.lang.IllegalArgumentException: Unsupported class file major version 69
	at org.springframework.context.annotation.ClassPathScanningCandidateComponentProvider.scanCandidateComponents(ClassPathScanningCandidateComponentProvider.java:457)
	at org.springframework.context.annotation.ClassPathScanningCandidateComponentProvider.findCandidateComponents(ClassPathScanningCandidateComponentProvider.java:316)
	at org.springframework.context.annotation.ClassPathBeanDefinitionScanner.doScan(ClassPathBeanDefinitionScanner.java:276)
	at org.springframework.context.annotation.ComponentScanAnnotationParser.parse(ComponentScanAnnotationParser.java:128)
	at org.springframework.context.annotation.ConfigurationClassParser.doProcessConfigurationClass(ConfigurationClassParser.java:295)
	at org.springframework.context.annotation.ConfigurationClassParser.processConfigurationClass(ConfigurationClassParser.java:249)
	at org.springframework.context.annotation.ConfigurationClassParser.parse(ConfigurationClassParser.java:206)
	at org.springframework.context.annotation.ConfigurationClassParser.parse(ConfigurationClassParser.java:174)
	at org.springframework.context.annotation.ConfigurationClassPostProcessor.processConfigBeanDefinitions(ConfigurationClassPostProcessor.java:331)
	at org.springframework.context.annotation.ConfigurationClassPostProcessor.postProcessBeanDefinitionRegistry(ConfigurationClassPostProcessor.java:247)
	at org.springframework.context.support.PostProcessorRegistrationDelegate.invokeBeanDefinitionRegistryPostProcessors(PostProcessorRegistrationDelegate.java:311)
	at org.springframework.context.support.PostProcessorRegistrationDelegate.invokeBeanFactoryPostProcessors(PostProcessorRegistrationDelegate.java:112)
	at org.springframework.context.support.AbstractApplicationContext.invokeBeanFactoryPostProcessors(AbstractApplicationContext.java:746)
	at org.springframework.context.support.AbstractApplicationContext.refresh(AbstractApplicationContext.java:564)
	at org.springframework.boot.web.servlet.context.ServletWebServerApplicationContext.refresh(ServletWebServerApplicationContext.java:147)
	at org.springframework.boot.SpringApplication.refresh(SpringApplication.java:731)
	at org.springframework.boot.SpringApplication.refreshContext(SpringApplication.java:408)
	at org.springframework.boot.SpringApplication.run(SpringApplication.java:307)
	at org.springframework.boot.SpringApplication.run(SpringApplication.java:1303)
	at org.springframework.boot.SpringApplication.run(SpringApplication.java:1292)
	at com.example.BlogApplicationBackEndApplication.main(BlogApplicationBackEndApplication.java:24)
	at java.base/jdk.internal.reflect.DirectMethodHandleAccessor.invoke(DirectMethodHandleAccessor.java:104)
	at java.base/java.lang.reflect.Method.invoke(Method.java:565)
	at org.springframework.boot.devtools.restart.RestartLauncher.run(RestartLauncher.java:49)
Caused by: org.springframework.core.NestedIOException: ASM ClassReader failed to parse class file - probably due to a new Java class file version that isn't supported yet: file [D:\Source-Codes\Blog_Application_SourceCode\BlogApplication\Blog_Application_back-end\target\classes\com\example\BlogApplicationBackEndApplication.class]; nested exception is java.lang.IllegalArgumentException: Unsupported class file major version 69
	at org.springframework.core.type.classreading.SimpleMetadataReader.getClassReader(SimpleMetadataReader.java:60)
	at org.springframework.core.type.classreading.SimpleMetadataReader.<init>(SimpleMetadataReader.java:48)
	at org.springframework.core.type.classreading.SimpleMetadataReaderFactory.getMetadataReader(SimpleMetadataReaderFactory.java:103)
	at org.springframework.core.type.classreading.CachingMetadataReaderFactory.getMetadataReader(CachingMetadataReaderFactory.java:123)
	at org.springframework.context.annotation.ClassPathScanningCandidateComponentProvider.scanCandidateComponents(ClassPathScanningCandidateComponentProvider.java:429)
	... 23 common frames omitted
Caused by: java.lang.IllegalArgumentException: Unsupported class file major version 69
	at org.springframework.asm.ClassReader.<init>(ClassReader.java:199)
	at org.springframework.asm.ClassReader.<init>(ClassReader.java:180)
	at org.springframework.asm.ClassReader.<init>(ClassReader.java:166)
	at org.springframework.asm.ClassReader.<init>(ClassReader.java:287)
	at org.springframework.core.type.classreading.SimpleMetadataReader.getClassReader(SimpleMetadataReader.java:57)
	... 27 common frames omitted
09.20. 00.52.30 [File Watcher] [INFO] o.s.b.d.a.LocalDevToolsAutoConfiguration$RestartingClassPathChangeChangedEventListener - Restarting due to 3 class path changes (0 additions, 0 deletions, 3 modifications)
09.20. 00.52.30 [Thread-24] [INFO] o.s.b.w.e.tomcat.GracefulShutdown - Commencing graceful shutdown. Waiting for active requests to complete
09.20. 00.52.30 [tomcat-shutdown] [INFO] o.s.b.w.e.tomcat.GracefulShutdown - Graceful shutdown complete
09.20. 00.52.30 [Thread-24] [INFO] o.s.o.j.LocalContainerEntityManagerFactoryBean - Closing JPA EntityManagerFactory for persistence unit 'default'
09.20. 00.52.30 [Thread-24] [INFO] com.zaxxer.hikari.HikariDataSource - HikariPool-7 - Shutdown initiated...
09.20. 00.52.30 [Thread-24] [INFO] com.zaxxer.hikari.HikariDataSource - HikariPool-7 - Shutdown completed.
09.20. 00.52.30 [restartedMain] [INFO] c.e.BlogApplicationBackEndApplication - Starting BlogApplicationBackEndApplication using Java 25.0.4.1 with PID 22552 (D:\Source-Codes\Blog_Application_SourceCode\BlogApplication\Blog_Application_back-end\target\classes started by DELL in D:\Source-Codes\Blog_Application_SourceCode\BlogApplication\Blog_Application_back-end)
09.20. 00.52.30 [restartedMain] [INFO] c.e.BlogApplicationBackEndApplication - No active profile set, falling back to 1 default profile: "default"
09.20. 00.52.30 [restartedMain] [INFO] o.s.d.r.c.RepositoryConfigurationDelegate - Bootstrapping Spring Data JPA repositories in DEFAULT mode.
09.20. 00.52.30 [restartedMain] [INFO] o.s.d.r.c.RepositoryConfigurationDelegate - Finished Spring Data repository scanning in 35 ms. Found 4 JPA repository interfaces.
09.20. 00.52.31 [restartedMain] [INFO] o.s.b.w.e.tomcat.TomcatWebServer - Tomcat initialized with port 8080 (http)
09.20. 00.52.31 [restartedMain] [INFO] o.a.catalina.core.StandardService - Starting service [Tomcat]
09.20. 00.52.31 [restartedMain] [INFO] o.a.catalina.core.StandardEngine - Starting Servlet engine: [Apache Tomcat/10.1.46]
09.20. 00.52.31 [restartedMain] [INFO] o.a.c.c.C.[Tomcat-2].[localhost].[/] - Initializing Spring embedded WebApplicationContext
09.20. 00.52.31 [restartedMain] [INFO] o.s.b.w.s.c.ServletWebServerApplicationContext - Root WebApplicationContext: initialization completed in 616 ms
09.20. 00.52.31 [restartedMain] [INFO] o.h.jpa.internal.util.LogHelper - HHH000204: Processing PersistenceUnitInfo [name: default]
09.20. 00.52.31 [restartedMain] [INFO] o.h.c.i.RegionFactoryInitiator - HHH000026: Second-level cache disabled
09.20. 00.52.31 [restartedMain] [INFO] o.s.o.j.p.SpringPersistenceUnitInfo - No LoadTimeWeaver setup: ignoring JPA class transformer
09.20. 00.52.31 [restartedMain] [INFO] com.zaxxer.hikari.HikariDataSource - HikariPool-8 - Starting...
09.20. 00.52.31 [restartedMain] [INFO] com.zaxxer.hikari.pool.HikariPool - HikariPool-8 - Added connection com.mysql.cj.jdbc.ConnectionImpl@29714829
09.20. 00.52.31 [restartedMain] [INFO] com.zaxxer.hikari.HikariDataSource - HikariPool-8 - Start completed.
09.20. 00.52.31 [restartedMain] [WARN] org.hibernate.orm.deprecation - HHH90000025: MySQL8Dialect does not need to be specified explicitly using 'hibernate.dialect' (remove the property setting and it will be selected by default)
09.20. 00.52.31 [restartedMain] [WARN] org.hibernate.orm.deprecation - HHH90000026: MySQL8Dialect has been deprecated; use org.hibernate.dialect.MySQLDialect instead
09.20. 00.52.31 [restartedMain] [INFO] o.hibernate.orm.connections.pooling - HHH10001005: Database info:
	Database JDBC URL [Connecting through datasource 'HikariDataSource (HikariPool-8)']
	Database driver: undefined/unknown
	Database version: 8.0
	Autocommit mode: undefined/unknown
	Isolation level: undefined/unknown
	Minimum pool size: undefined/unknown
	Maximum pool size: undefined/unknown
09.20. 00.52.31 [restartedMain] [INFO] o.h.e.t.j.p.i.JtaPlatformInitiator - HHH000489: No JTA platform available (set 'hibernate.transaction.jta.platform' to enable JTA platform integration)
09.20. 00.52.31 [restartedMain] [INFO] o.s.o.j.LocalContainerEntityManagerFactoryBean - Initialized JPA EntityManagerFactory for persistence unit 'default'
09.20. 00.52.31 [restartedMain] [INFO] o.s.s.c.a.a.c.InitializeUserDetailsBeanManagerConfigurer$InitializeUserDetailsManagerConfigurer - Global AuthenticationManager configured with UserDetailsService bean with name customUserDetailsService
09.20. 00.52.31 [restartedMain] [WARN] o.s.b.a.o.j.JpaBaseConfiguration$JpaWebConfiguration - spring.jpa.open-in-view is enabled by default. Therefore, database queries may be performed during view rendering. Explicitly configure spring.jpa.open-in-view to disable this warning
09.20. 00.52.31 [restartedMain] [DEBUG] o.s.s.web.DefaultSecurityFilterChain - Will secure any request with filters: DisableEncodeUrlFilter, WebAsyncManagerIntegrationFilter, SecurityContextHolderFilter, HeaderWriterFilter, CorsFilter, LogoutFilter, JwtAuthenticationFilter, RequestCacheAwareFilter, SecurityContextHolderAwareRequestFilter, AnonymousAuthenticationFilter, SessionManagementFilter, ExceptionTranslationFilter, AuthorizationFilter
09.20. 00.52.31 [restartedMain] [INFO] o.s.b.a.h.H2ConsoleAutoConfiguration - H2 console available at '/h2-console'. Database available at 'jdbc:mysql://localhost:3306/db_blog_application'
09.20. 00.52.31 [restartedMain] [WARN] o.s.b.d.a.OptionalLiveReloadServer - Unable to start LiveReload server
09.20. 00.52.31 [restartedMain] [INFO] o.s.b.w.e.tomcat.TomcatWebServer - Tomcat started on port 8080 (http) with context path '/'
09.20. 00.52.31 [restartedMain] [INFO] c.e.BlogApplicationBackEndApplication - Started BlogApplicationBackEndApplication in 1.459 seconds (process running for 64481.79)
09.20. 00.52.31 [restartedMain] [INFO] o.s.b.d.a.ConditionEvaluationDeltaLoggingListener - Condition evaluation unchanged
09.20. 00.52.48 [main] [INFO] o.s.t.c.s.AnnotationConfigContextLoaderUtils - Could not detect default configuration classes for test class [com.example.BlogApplicationBackEndApplicationTests]: BlogApplicationBackEndApplicationTests does not declare any static, non-private, non-final, nested classes annotated with @Configuration.
09.20. 00.52.48 [main] [INFO] o.s.b.t.c.SpringBootTestContextBootstrapper - Found @SpringBootConfiguration com.example.BlogApplicationBackEndApplication for test class com.example.BlogApplicationBackEndApplicationTests
09.20. 00.52.49 [main] [INFO] o.s.b.d.r.RestartApplicationListener - Restart disabled due to context in which it is running
09.20. 00.52.49 [background-preinit] [INFO] o.h.validator.internal.util.Version - HV000001: Hibernate Validator 8.0.3.Final
09.20. 00.52.49 [main] [INFO] c.e.BlogApplicationBackEndApplicationTests - Starting BlogApplicationBackEndApplicationTests using Java 25.0.4.1 with PID 20700 (started by DELL in D:\Source-Codes\Blog_Application_SourceCode\BlogApplication\Blog_Application_back-end)
09.20. 00.52.49 [main] [INFO] c.e.BlogApplicationBackEndApplicationTests - No active profile set, falling back to 1 default profile: "default"
09.20. 00.52.50 [main] [INFO] o.s.d.r.c.RepositoryConfigurationDelegate - Bootstrapping Spring Data JPA repositories in DEFAULT mode.
09.20. 00.52.50 [main] [INFO] o.s.d.r.c.RepositoryConfigurationDelegate - Finished Spring Data repository scanning in 101 ms. Found 4 JPA repository interfaces.
09.20. 00.52.51 [main] [INFO] o.h.jpa.internal.util.LogHelper - HHH000204: Processing PersistenceUnitInfo [name: default]
09.20. 00.52.51 [main] [INFO] org.hibernate.Version - HHH000412: Hibernate ORM core version 6.6.29.Final
09.20. 00.52.51 [main] [INFO] o.h.c.i.RegionFactoryInitiator - HHH000026: Second-level cache disabled
09.20. 00.52.52 [main] [INFO] o.s.o.j.p.SpringPersistenceUnitInfo - No LoadTimeWeaver setup: ignoring JPA class transformer
09.20. 00.52.52 [main] [INFO] com.zaxxer.hikari.HikariDataSource - HikariPool-1 - Starting...
09.20. 00.52.52 [main] [INFO] com.zaxxer.hikari.pool.HikariPool - HikariPool-1 - Added connection com.mysql.cj.jdbc.ConnectionImpl@6c1f15df
09.20. 00.52.52 [main] [INFO] com.zaxxer.hikari.HikariDataSource - HikariPool-1 - Start completed.
09.20. 00.52.52 [main] [WARN] org.hibernate.orm.deprecation - HHH90000025: MySQL8Dialect does not need to be specified explicitly using 'hibernate.dialect' (remove the property setting and it will be selected by default)
09.20. 00.52.52 [main] [WARN] org.hibernate.orm.deprecation - HHH90000026: MySQL8Dialect has been deprecated; use org.hibernate.dialect.MySQLDialect instead
09.20. 00.52.52 [main] [INFO] o.hibernate.orm.connections.pooling - HHH10001005: Database info:
	Database JDBC URL [Connecting through datasource 'HikariDataSource (HikariPool-1)']
	Database driver: undefined/unknown
	Database version: 8.0
	Autocommit mode: undefined/unknown
	Isolation level: undefined/unknown
	Minimum pool size: undefined/unknown
	Maximum pool size: undefined/unknown
09.20. 00.52.54 [main] [INFO] o.h.e.t.j.p.i.JtaPlatformInitiator - HHH000489: No JTA platform available (set 'hibernate.transaction.jta.platform' to enable JTA platform integration)
09.20. 00.52.54 [main] [INFO] o.s.o.j.LocalContainerEntityManagerFactoryBean - Initialized JPA EntityManagerFactory for persistence unit 'default'
09.20. 00.52.54 [main] [INFO] o.s.s.c.a.a.c.InitializeUserDetailsBeanManagerConfigurer$InitializeUserDetailsManagerConfigurer - Global AuthenticationManager configured with UserDetailsService bean with name customUserDetailsService
09.20. 00.52.54 [main] [WARN] o.s.b.a.o.j.JpaBaseConfiguration$JpaWebConfiguration - spring.jpa.open-in-view is enabled by default. Therefore, database queries may be performed during view rendering. Explicitly configure spring.jpa.open-in-view to disable this warning
09.20. 00.52.55 [main] [DEBUG] o.s.s.web.DefaultSecurityFilterChain - Will secure any request with filters: DisableEncodeUrlFilter, WebAsyncManagerIntegrationFilter, SecurityContextHolderFilter, HeaderWriterFilter, CorsFilter, LogoutFilter, JwtAuthenticationFilter, RequestCacheAwareFilter, SecurityContextHolderAwareRequestFilter, AnonymousAuthenticationFilter, SessionManagementFilter, ExceptionTranslationFilter, AuthorizationFilter
09.20. 00.52.55 [main] [INFO] c.e.BlogApplicationBackEndApplicationTests - Started BlogApplicationBackEndApplicationTests in 6.871 seconds (process running for 8.339)
09.20. 00.52.57 [main] [INFO] c.e.services.impl.UserServiceImpl - Initiating the dao call to create a User
09.20. 00.52.57 [main] [INFO] c.e.services.impl.UserServiceImpl - Completed the dao call to create a User
09.20. 00.52.57 [SpringApplicationShutdownHook] [INFO] o.s.o.j.LocalContainerEntityManagerFactoryBean - Closing JPA EntityManagerFactory for persistence unit 'default'
09.20. 00.52.57 [SpringApplicationShutdownHook] [INFO] com.zaxxer.hikari.HikariDataSource - HikariPool-1 - Shutdown initiated...
09.20. 00.52.57 [SpringApplicationShutdownHook] [INFO] com.zaxxer.hikari.HikariDataSource - HikariPool-1 - Shutdown completed.
